"","16","17","18","19","20","21","22","23","24","25","26","27","28","29","30","31","32","33","34","35","36","37","38","39","40","41","42","43","44","45","46","47","48","49","50","51","52","53","54","55","56","57","58","59","60","61","62","63","64","65","66","67","68","69","70","71","72","73","74","75","76","77"
"4-Aminobutanoate",0.0225856610277283,0.0225935607583473,0.0226172456888974,0.0226567316049611,0.0227007632743933,0.0227381181381365,0.0227687859727676,0.0227927653058247,0.0228100646522108,0.0228206784747969,0.0228037665692661,0.0227384674533593,0.0226088689642162,0.0223863288681287,0.0220581361059117,0.0216177192877889,0.0210585152588358,0.0203777994336622,0.0195708666437022,0.0186338728811174,0.0175649520783155,0.0163621557300093,0.0150224020419494,0.0135452811892086,0.011935415772808,0.0102048612086185,0.00837506669564659,0.0064778539995638,0.00455512076353542,0.00265707839907485,0.000839169472154646,-0.000842055645588154,-0.00233356553696345,-0.0035904031190037,-0.00457957688883594,-0.00528278344060364,-0.00569766790386841,-0.00583746946839533,-0.00572920651458974,-0.00541068701654046,-0.00492673612571063,-0.00432520290203663,-0.00365313681942964,-0.00295355890971245,-0.00226308485076643,-0.00161049303767707,-0.00101621866907736,-0.000492683730830295,-4.51696690066863e-05,0.000326864888668055,0.000628386411924977,0.000867339152121532,0.00105340911914567,0.00119697873326904,0.00130833848796034,0.00139713700833151,0.00146800421388421,0.00152093882283139,0.00155592852009767,0.00157548001705728,0.00158422567152544,0.00158644105420517
"Uracil",0.0110198450207095,0.0110160332712935,0.0110045893227559,0.0109855235486957,0.010961232499632,0.0109341307617204,0.0109042133351311,0.0108714775075652,0.0108359304890426,0.0107975684281833,0.0107566872427807,0.0107135799418985,0.0106645996594771,0.0106006134741721,0.0105161374884662,0.0104036514247377,0.0102556365997696,0.0100658026968294,0.00982340678592793,0.00952192352506358,0.00915928104863568,0.00873817607162611,0.0082655349327402,0.00775035611618924,0.00720171811435379,0.00662695570470801,0.00603045720222575,0.00541337313125633,0.00477435910910038,0.00411119730478398,0.00342297070105598,0.00271228228643242,0.00198700627003077,0.00126111135773895,0.00055428488676388,-0.000109673734978164,-0.00070547767140863,-0.00120954166361852,-0.00160318609172387,-0.00187526065155535,-0.00202370464541851,-0.00205577396072872,-0.00198689286203548,-0.00183836050128809,-0.00163435907344431,-0.00139880012473352,-0.00115256693149744,-0.000911615690727601,-0.000686150535032924,-0.000480930250338285,-0.000296466688641784,-0.000130778333664087,1.87973008154256e-05,0.000154097460675324,0.000275254757021166,0.000380541229016868,0.000468652812436364,0.00053959148669214,0.000593350180011847,0.000629368393066243,0.00064802311050244,0.000653251920850719
"Maleic acid",0.0346558624986416,0.0346638308912447,0.0346877313774695,0.0347275598180885,0.034764596730325,0.0347801149816017,0.0347741057295313,0.0347465737582101,0.0346975209877254,0.0346269402126592,0.0345085351570412,0.03431598404689,0.0340336851841209,0.0336367184342544,0.0331157640093858,0.0324724297491336,0.0317083383207623,0.0308302065124748,0.0298513709926663,0.02878348238317,0.0276315913440462,0.0263964284934909,0.0250784907864062,0.0236780078192488,0.0221984524265912,0.020649854401152,0.0190510227700204,0.0174299600056821,0.0158222190924962,0.0142673526159298,0.0128041231624703,0.0114653460243446,0.0102734511182645,0.00923765347408857,0.00835333040074544,0.00760376756970892,0.00696387875553012,0.00640519588753155,0.00590107576907388,0.00543106951008368,0.00498364405221591,0.00455671771190833,0.00415605489142899,0.00379195565051299,0.00347507967415596,0.00321240546637188,0.00300429805717275,0.00284331554953207,0.00271511204950467,0.00260116703301885,0.00248274771119433,0.00234518941623832,0.00218152642328959,0.00199463898989017,0.00179741885714759,0.00161100271554475,0.00144771231003324,0.00130754467790435,0.0011904831950454,0.00110373808084983,0.00105572258407319,0.00104171571785591
"N-Acetylglycine",0.0193633562143858,0.0193478264280093,0.0193012292659492,0.0192235702807315,0.0191124487690096,0.0189654708326572,0.018782635055452,0.0185639375203956,0.0183093828518538,0.0180189685729199,0.0176964339387765,0.0173455075081869,0.0169675763137156,0.0165640811198395,0.0161350898571154,0.0156788314283011,0.0151935501287907,0.0146775458676806,0.0141281699910677,0.0135444868737251,0.0129265297506795,0.0122759788504448,0.0115963218513274,0.0108906016252105,0.0101601469907521,0.00940366813672868,0.00861706387939385,0.0077941011609358,0.00692799876907902,0.00601364874790722,0.00505011350876244,0.00404283505588538,0.0030050828146374,0.00195819819382176,0.000930429707489203,-4.55819938456423e-05,-0.000936409600186087,-0.00171196286829407,-0.00234951214210554,-0.00283695434716559,-0.00317474787754056,-0.00337620414892808,-0.00346604740565808,-0.00347746743231797,-0.00344811525158559,-0.00341564547086641,-0.00341345130471217,-0.00346720090207202,-0.00359254566637492,-0.00379421429051106,-0.00406648394398366,-0.00439475236412149,-0.00475784485794068,-0.00513068449790012,-0.00548696065295117,-0.00580149227466058,-0.00606224588417576,-0.00626921482838238,-0.00642241943095859,-0.00652188398294655,-0.00657195038899856,-0.00658570207865794
"Guanidoacetic acid",0.0394176300763078,0.0393882530865528,0.039300105243636,0.0391531882535763,0.0389330678713073,0.038625302390484,0.0382298836617464,0.0377468080722246,0.0371760859636314,0.0365177108732291,0.0357718809502871,0.0349387721533705,0.0340194257425078,0.033015917794868,0.0319293031887965,0.030760598400281,0.0295108468702969,0.0281818132440857,0.0267778901570834,0.025305366872136,0.0237679437149844,0.0221716848160018,0.0205296618434397,0.0188564024237124,0.0171670216253739,0.0154762698671597,0.0137976830543703,0.0121429805415394,0.0105218575859703,0.00894217876653911,0.00741060478927213,0.00593344279497748,0.00451763886623662,0.00317163531271916,0.00190594442199948,0.000733271837166059,-0.000331917890138218,-0.00127432564746556,-0.00207918118233023,-0.00273386892955474,-0.00322955141116894,-0.00356261090437495,-0.00373566131562822,-0.00375796492737519,-0.00364519409198229,-0.00341853984717142,-0.00310322781815559,-0.00272668004221296,-0.00231644604616297,-0.00189819684806843,-0.0014939752599178,-0.00112091486447828,-0.00079042602879692,-0.000508039065878943,-0.00027378764000726,-8.29932109823878e-05,6.77483016940268e-05,0.000178450384136868,0.000249076970252792,0.00028591587957871,0.000300846038767524,0.000304252203479561
"2-Hydroxyisovaleric acid",0.0256503224798662,0.0256467476684645,0.0256360017908794,0.0256181037297152,0.0255793345660827,0.0255060026842701,0.0253981033446468,0.0252556308729408,0.0250785922764658,0.0248669865520222,0.0246050777554683,0.0242771127720151,0.0238729600848082,0.023375859489528,0.0227792098980796,0.0220834127783555,0.0212888859705678,0.0204006867666253,0.0194297452375883,0.0183874816123942,0.0172794554356197,0.016108223221643,0.0148770330833446,0.0135857009826106,0.0122317777541298,0.0108125265579086,0.00932748040902587,0.00778114892795291,0.00618547064835193,0.004561503232337,0.00294003205523293,0.00136079541204481,-0.000129665798100365,-0.00148141907146577,-0.0026454387643206,-0.00357829126158545,-0.00424664307082481,-0.00463096178958371,-0.00472795295814186,-0.00455138258379868,-0.0041311190376285,-0.00351056943842742,-0.00274276390456202,-0.00188560261734388,-0.000996845857568587,-0.000129422343940942,0.000672440597087228,0.00137585233359956,0.00196056876831473,0.00241887766053604,0.0027543807717136,0.00297985569255101,0.00311472697206829,0.00318239613866072,0.00320778720215703,0.00321531927134493,0.00321686153034341,0.00321241928901585,0.00320196931887486,0.00318968943896878,0.00318152849207749,0.00317893516979991
"Succinic acid",0.029338376575507,0.0293216980560127,0.0292716540703303,0.0291882472701338,0.0290640719430805,0.0288917246138118,0.0286711999876756,0.028402496428056,0.0280856191614877,0.0277205648140185,0.0273058190229757,0.0268398506785268,0.026320344885321,0.0257422050997224,0.0251026689866942,0.0243987817209741,0.0236276065217855,0.0227876120613356,0.02187707836352,0.0208971895276619,0.0198493382932636,0.018738032692604,0.0175733932051239,0.0163671960369379,0.0151318299211508,0.0138793645354568,0.0126209702775964,0.0113667932970861,0.0101263410357591,0.00890922230646872,0.00772606430731441,0.00658926282059603,0.00551333377984217,0.00451462118258705,0.00361028818838477,0.00281668261394046,0.00214725241237415,0.00161042091018646,0.00120777565192822,0.000932941764064171,0.000771447487897309,0.00070164401245589,0.000696643256644472,0.000727000389072105,0.000763757304944631,0.000781397669845025,0.000760296037607109,0.000688284837332806,0.000561218389417993,0.000382504797082444,0.00016176033850341,-8.70941544721532e-05,-0.000347919505285057,-0.000604345071249764,-0.000841397616666252,-0.00104661035197913,-0.00121447779266764,-0.0013449945414864,-0.00143818254241085,-0.00149591709034111,-0.00152387127630144,-0.00153134014461918
"Methylmalonic acid",0.0287267896933407,0.0287322357468625,0.0287485489125901,0.0287757474877937,0.0287956148089009,0.028789950333691,0.0287587478631282,0.0287020067897394,0.0286197281494182,0.0285119157295308,0.0283475462396475,0.0280955829786853,0.0277338879829176,0.0272247763087972,0.026552720270689,0.0257175388503695,0.0247190644714474,0.0235709984033804,0.0223055497554592,0.0209624430205595,0.0195629032782599,0.0181270932566057,0.0166919655571465,0.0152863678126233,0.0139291435296592,0.0126288322586523,0.01138507096886,0.0101914843989722,0.00903962751590379,0.00792327423403897,0.00684233669288356,0.0058056323723515,0.00483198606570538,0.00394933876690793,0.00319193784355123,0.00259598636320427,0.00219440581000331,0.00201160214335881,0.00205905827048331,0.00233251979856801,0.00281129972213836,0.00345978127296894,0.00423096392455021,0.00507146908124436,0.00592723571227055,0.00674903806062586,0.00749705278308147,0.00814381378740557,0.0086753451529843,0.00909038391287191,0.00939816132897719,0.00961515246413274,0.00976158362507219,0.00985820799783806,0.00992383665562244,0.00997387691534849,0.0100150751571257,0.0100474296430616,0.0100709213526898,0.0100861533056747,0.0100941252025634,0.0100964120897802
"Benzoic acid",0.0206150238906477,0.0206104328279977,0.0205966524730089,0.0205736844642302,0.0205288353126317,0.0204494125428097,0.0203354123711377,0.0201868343792936,0.0200036806041827,0.0197859506064859,0.0195227871069771,0.0192033188876623,0.0188220900698701,0.0183711233962706,0.0178479174392923,0.0172550044313823,0.0165949288474293,0.0158726299665593,0.0150979795601426,0.0142801321654261,0.0134233191366979,0.0125296188401483,0.011602548812741,0.0106450386992644,0.00966103849871915,0.0086572367988531,0.00764451507004686,0.00663876390522151,0.00566083276891167,0.00473550211377908,0.00388959178415456,0.00314941872571092,0.00253800747016904,0.00207245251857088,0.00176184770035864,0.00160610062460007,0.00159578323055139,0.00171306705036342,0.00193356329537825,0.00222878981767617,0.00256894707588007,0.00292558060311634,0.00327385099066201,0.00359415145016615,0.00387296005267414,0.00410292318770625,0.00428229096633919,0.00441385215431152,0.00450362425233565,0.00455946476168527,0.00458982317963316,0.00460270949306166,0.00460500373251242,0.00460205994675599,0.00459758476774205,0.00459374776394803,0.00459128581601563,0.00459020062858727,0.00459047939116756,0.00459160068854903,0.00459259890853575,0.00459296222764346
"2-Hydroxyisocaproate",0.0242248297536496,0.0242243330803005,0.0242228228150479,0.024220311290429,0.0241988170706324,0.0241403693647783,0.0240449644922146,0.0239126029739921,0.0237432829349305,0.0235370068872167,0.023270797079601,0.0229216511883613,0.0224755291130147,0.021909983372322,0.0212166297576634,0.0203981900668455,0.0194574072814497,0.0184043213406369,0.0172603897187845,0.0160481781525061,0.0147788508297962,0.0134598700391292,0.0121038793906784,0.0107193836979941,0.00931212635603087,0.00788713530230974,0.00645102610257628,0.00501404723450566,0.00359151874158732,0.00220434050849077,0.000878541847943445,-0.000356117053163272,-0.00146819963217104,-0.00242704277250543,-0.0032052437865021,-0.00378089891342464,-0.00413940713920781,-0.00427468641236703,-0.00418982188993208,-0.00389718515174308,-0.00341804905491766,-0.00278182514734881,-0.00202488766388851,-0.00118900594637778,-0.000319358393683114,0.000537886736993863,0.00133839109991331,0.00204268069162303,0.00261926228046041,0.00304738327881851,0.00331920025178914,0.0034408812932883,0.00343249615228656,0.00332647254000167,0.00316473420790161,0.00299482780396602,0.00284141176679555,0.00270448989475291,0.00258403743282868,0.0024906761393689,0.00243778354670016,0.00242215945256444
"Adenine",0.0217064318371448,0.0217114194015116,0.0217263682858175,0.0217512904958222,0.0217730916816238,0.0217786923960062,0.0217680889196471,0.0217412783141393,0.0216982643692281,0.0216390471613909,0.0215428584746027,0.0213889212646191,0.0211635894925933,0.0208444157560848,0.0204226135954506,0.019899703795991,0.0192772164034138,0.0185645024965398,0.0177822171475243,0.0169532963480245,0.0160893808062926,0.0151986283807435,0.0142942962772884,0.0133832682388,0.012466199761148,0.0115388221900095,0.0105942458872249,0.00962589738524364,0.00863063595752695,0.00761148326876154,0.00657949354570268,0.00555433737385462,0.00456343254609961,0.00363963376713533,0.00281776145586467,0.00213045348426577,0.00160391951391568,0.00125428888873096,0.00108509086194043,0.00108628694501994,0.00123506058589713,0.00149821801762828,0.00183590496221699,0.00220606170864963,0.00256898066424717,0.00289131218062324,0.00314899626378361,0.00332873549610593,0.0034279703205141,0.00345343796351429,0.00341874186641955,0.00334135624186295,0.00323966223477247,0.0031304302930947,0.00302705589670074,0.0029387066447139,0.00286886697771446,0.00281753516664627,0.00278469792436919,0.0027677178083658,0.0027610934170879,0.00275966564644417
"Homogentisic acid",0.0212369629492747,0.021234142434455,0.0212256749279464,0.0212115624016477,0.0211825025863908,0.021129194449786,0.0210516347980832,0.0209498222858922,0.0208237604525042,0.0206734463926044,0.0204896687317234,0.0202632055851818,0.0199889742396134,0.0196592209674589,0.0192712827048073,0.0188269108017289,0.0183278672032986,0.0177783319529027,0.0171868298592576,0.0165614878913881,0.0159061029776592,0.0152221666695266,0.0145114980662737,0.0137739297749411,0.0130082343122975,0.0122133535460379,0.0113897037344596,0.0105402941748853,0.00967147182727319,0.00879313039611383,0.00791836972963017,0.00706261955370969,0.00624239454471483,0.00547384726539505,0.00477133061149912,0.00414617043349065,0.00360576081933786,0.00315310269062618,0.00278677182421931,0.0025012686426156,0.00228768875312076,0.00213457163789157,0.00202885130386278,0.0019568040080866,0.0019049379546112,0.00186078469585549,0.00181358765868785,0.00175484712010889,0.00167875460382222,0.00158246958164769,0.00146621866446721,0.00133319024961157,0.00118922086578275,0.00104224515460015,0.000901525768342808,0.000776761517883716,0.000672800466393397,0.000589644024687738,0.000527278684442389,0.000486159767407648,0.000465228605127302,0.000459441278583264
"Uric acid",0.071442651272966,0.0712930876541079,0.0708443652902551,0.0700964546706635,0.0690239034051372,0.0676011542534796,0.0658282056397812,0.0637050434917161,0.0612316844668453,0.0584081288836701,0.0553031157624514,0.0519853618168324,0.0485102616628488,0.0449774334706799,0.0414311712215971,0.0378941070864222,0.0343889531740407,0.0309282883444826,0.0275386229066388,0.0242524611142629,0.0210885099500997,0.0180781287497833,0.015287182650507,0.0127829610656115,0.0106236605102262,0.0088473590064206,0.00746277255923197,0.00644398239027352,0.00573043643255183,0.00523259325137303,0.00484260170521998,0.00444814254583886,0.00394740507397832,0.00326251536320563,0.00234945837384066,0.00120289210695245,-0.00014468048829492,-0.00162886805534468,-0.00316326228696202,-0.00465140710961678,-0.00599879528887066,-0.00712315105087218,-0.00796177432757279,-0.00847525286667763,-0.00864778277776448,-0.00848486637897002,-0.00800932352601547,-0.00725689179770363,-0.00627228286325675,-0.00510613736621884,-0.00381316086451462,-0.00245102495877135,-0.00107923037407763,0.000242210358951278,0.00145497703587572,0.00250567901897489,0.0033692778164115,0.00404583337821325,0.0045352469689759,0.00484385238977464,0.00499526302055672,0.00503601521079912
"Glyceraldehyde 3-phosphate",0.0299338323682146,0.0299160749199345,0.0298627951057383,0.0297739842657759,0.0296350694631702,0.0294314503390364,0.0291631223629722,0.0288300926551239,0.0284323546625918,0.0279699095666666,0.0274326845163688,0.0268105786332017,0.0260968791009166,0.0252803599191624,0.0243565213719592,0.0233260615692012,0.0221897062756206,0.0209536816634704,0.0196330547505934,0.0182477357463076,0.0168088257163281,0.0153306080199217,0.0138423362734416,0.012373873776359,0.0109541329124135,0.00960943735239503,0.00836193474778,0.00722818142876185,0.00621810733801936,0.00533448482379222,0.00457308894718556,0.00392352976948954,0.00337079037378952,0.00289726397497725,0.00248506323628514,0.00211828415828784,0.00178482157435894,0.00147749327859473,0.00119421786090272,0.000937172265508348,0.00071108756894683,0.000520923111135418,0.000369371451781208,0.000254667645782448,0.00016917776890055,9.91180792357192e-05,2.56098759193052e-05,-7.3051743270991e-05,-0.000218137945151804,-0.000426766797839942,-0.000708372459023957,-0.00106194685191663,-0.00147460009463664,-0.00192180803895004,-0.00236940263794168,-0.00277700383989941,-0.00312336445328776,-0.0034084796412188,-0.00363237711714281,-0.00378815307413028,-0.00387082025724302,-0.00389433938448875
"Myo-Inositol",0.166885167378337,0.166375029149044,0.16484461818561,0.162293818660845,0.158572710558661,0.153531165258083,0.147169272808938,0.139486858630005,0.130484045453556,0.120160841526664,0.108846143134697,0.0968688628679663,0.0845876688221512,0.0727026194896102,0.0615557008919616,0.0513962622962655,0.0424739001247058,0.0348904089125588,0.0287675631386191,0.0240659234901108,0.0207264601880435,0.0185681366511294,0.017199040446045,0.01619332667221,0.0151445796422704,0.0137170693383322,0.0116881089595183,0.0089760532319854,0.00564953455525291,0.00191643679941481,-0.00190625726858668,-0.00543841941260743,-0.00829187895328244,-0.0101276446963702,-0.0107067171731618,-0.00992735450173547,-0.00784321273262777,-0.00465917692591943,-0.000705254224119919,0.00360775668863243,0.00784503766524608,0.0116082148305417,0.0145907421038902,0.0166199491943001,0.0176792552403902,0.0179066526355013,0.017569767776935,0.0170210693344375,0.0166393493155982,0.016767086946616,0.0176524115528254,0.0194047329734104,0.0219716918980138,0.0251395785474442,0.0285575047550751,0.0317814402517492,0.0345724555374642,0.0369307836609894,0.0388561650187955,0.0402502170418299,0.0410087152813579,0.0412275047444662
"Lactose",0.0214422967005164,0.0214450553046566,0.021453332682403,0.0214671265569572,0.0214783729553131,0.0214790090645532,0.0214690305923999,0.0214484405264549,0.021417238470728,0.0213754201883381,0.0213095390637944,0.0212061276936816,0.021055558056425,0.0208410273408935,0.0205553678921627,0.0201960177717493,0.0197604284215261,0.0192486536662612,0.0186611137282136,0.0179982529779914,0.01726016274869,0.016445955719751,0.0155539091942741,0.0145831380102516,0.0135352060453103,0.0124157416371669,0.0112356925590183,0.0100118404976653,0.00876643073926107,0.00752584614701498,0.00631852052104233,0.00517235132312802,0.00411203302519994,0.00315670261963693,0.00231821612190069,0.00160031723705537,0.000998679736928062,0.000501801600319522,9.24955120608154e-05,-0.00025031807076432,-0.000549758938082495,-0.000829346946683161,-0.00111165625127992,-0.00141732367242229,-0.00176430669349449,-0.00216726329678225,-0.00263691836625454,-0.00317936627613862,-0.00379525694235428,-0.00447899523863035,-0.00521817460960997,-0.0059934015241208,-0.00677879442111864,-0.00754325065345985,-0.00825256326033018,-0.00887218347535558,-0.00938511728971744,-0.0097913679976409,-0.0100909481190661,-0.0102846613442819,-0.0103819298030991,-0.0104085960078839
"4-Pyridoxic acid",0.0197676155258718,0.0197659843939745,0.0197610820561711,0.0197529169395512,0.0197359802290061,0.019704775407779,0.0196593005525564,0.0195995521662542,0.0195255346069763,0.0194372462390418,0.0193276424778449,0.0191896731589174,0.0190184453685524,0.0188056784728572,0.0185479942842464,0.0182453537907697,0.0178977255898642,0.0175077093104969,0.017081159768223,0.0166246284205332,0.0161414204068087,0.0156332852473682,0.0151023721344104,0.0145479905466361,0.0139666655834285,0.013352799970567,0.0126999358755639,0.0120024614318901,0.0112575477203322,0.0104669724444461,0.00963851819150541,0.00878661137500842,0.00793201595762808,0.00710050109909108,0.00632058216747848,0.00562060838851109,0.00502555895638291,0.00455403993409547,0.00421591045984676,0.0040109124244563,0.00392854787570989,0.00394921174916888,0.00404645067982263,0.00419000406236555,0.00434919288785967,0.00449617685527349,0.00460864501058732,0.00467159046424963,0.00467803937362558,0.00462871412066051,0.00453081885645404,0.00439622994416051,0.00423946127707281,0.00407570632244138,0.00391920161257133,0.00378207828782518,0.00366976566930677,0.0035822653290531,0.00351956546346786,0.00348060648881333,0.00346177681275689,0.00345676506174611
"2-Phosphoglyceric acid",0.0171075596694124,0.0170874338076003,0.0170270387377714,0.0169263817448916,0.0167681854222765,0.0165351726419656,0.0162273428803532,0.0158446901223764,0.0153872180392924,0.01485493065836,0.014242601411528,0.0135449917457256,0.0127627455065157,0.0119001093232748,0.0109607241610205,0.00995348912467594,0.00888732439798544,0.00777408002243211,0.00663764969643263,0.00550131189468801,0.00437632357670555,0.00327002865867714,0.00219452048411826,0.00115664811584196,0.000158400855567113,-0.000801940848406948,-0.00172799235495704,-0.00262302828460514,-0.0034876557882441,-0.00431781340674247,-0.00510343825030894,-0.00582816497474056,-0.00647014986774977,-0.00700405504392848,-0.00740392508486832,-0.00764659229708423,-0.00771510517121497,-0.00760160677584882,-0.00730921398565347,-0.00685255396632576,-0.00625678692750071,-0.00555528539271525,-0.00478625379735464,-0.00398880331511009,-0.00319907521224926,-0.00244699601151543,-0.00175409129892288,-0.00113266558999946,-0.000586324459070036,-0.000111693806001498,0.000299146569341813,0.000655904671654762,0.000967665481409604,0.00124110201480437,0.00147963017910978,0.00168355143626926,0.00185231493576722,0.00198593080931114,0.00208437428727203,0.00214813959458322,0.00218034639233708,0.00218922329034041
"Azelaic acid",0.0273195170028172,0.0273138448101854,0.0272968107513836,0.0272684238840925,0.0272148808977209,0.0271223845670012,0.0269909317695227,0.0268205229393609,0.0266111569474571,0.0263628345444406,0.0260607910527163,0.0256902390900411,0.0252422676673703,0.0247026604342937,0.0240661295502875,0.0233344015484722,0.0225092240061657,0.0215968527438988,0.0206106370237788,0.0195645665157062,0.0184655565470776,0.017318340527393,0.0161311482785476,0.0149100743502708,0.0136600768050068,0.0123863232259271,0.0110956142114428,0.00979754575045019,0.0085052393175691,0.00723546394839911,0.00600821084839776,0.00484575115200886,0.00377140887438546,0.00280818961149592,0.00197745011434824,0.00129771166042687,0.00078362778395092,0.000445124465524516,0.000286630033748049,0.00030635625299812,0.000495676959376693,0.000838629738050045,0.00131173533561783,0.00188431176988329,0.00251947353677391,0.00317595929680251,0.00381081596860492,0.00438275517906702,0.00485596539905981,0.00520384458552449,0.00541221439599098,0.00548142974052013,0.00542705706275949,0.00527881421822333,0.00507784029081077,0.00487262484855399,0.00468868231074132,0.00452601866422339,0.00438460852375723,0.00427603211973813,0.00421475728397914,0.00419668327711887
"Glucuronic acid",0.0187675379588274,0.0187632301852399,0.0187502995447184,0.0187287501449069,0.0186898264710515,0.0186247779663336,0.0185336025218732,0.0184162980595803,0.0182728674547013,0.018103309150835,0.0179001199263089,0.0176557854260579,0.0173664910842227,0.0170266887983305,0.0166346581625797,0.0161923631357425,0.0157017793417167,0.0151666424354561,0.0145943339833224,0.0139913991748417,0.0133607504687565,0.0127028274230828,0.0120173662146875,0.011302225397552,0.0105544652840108,0.0097717431118527,0.00895380172105003,0.00810377222834532,0.00722908546491287,0.0063417927163281,0.00545824708895936,0.00459812542865313,0.00378293900260188,0.00303419781279484,0.0023714664793971,0.00181055988028176,0.00136206221204539,0.00103036612683932,0.000813295280149185,0.000702323180670202,0.000683361909863326,0.000737974805401243,0.000844903942147505,0.000981738963852582,0.00112658321099893,0.00125958399701345,0.00136423058876344,0.00142831690709285,0.00144456561718407,0.00141085755721247,0.00133009051371737,0.00120967793258414,0.00106076361317074,0.000897177838036658,0.000734213023165346,0.000587341938739019,0.000464190260533124,0.000364760703809813,0.000289038929868009,0.000238215906022727,0.000212008032233627,0.000204697842537417
"Indoxyl sulfate",0.0243483956784916,0.0243617734969582,0.024401893134789,0.0244687669733166,0.0245541704601835,0.0246498996447925,0.0247559459703416,0.02487231276137,0.024999001844934,0.0251360096231355,0.0252604398218535,0.0253493780324908,0.0253846180334931,0.0253332808819678,0.0251806936625556,0.0249198206061091,0.0245436315069572,0.0240511228287729,0.0234421772935977,0.0227196947577025,0.0218856860216813,0.0209431984308634,0.0198989436313379,0.0187612912272336,0.0175412862334346,0.0162536998443851,0.0149177959475249,0.0135574693972432,0.0122006434205755,0.0108778886602091,0.00962047997672524,0.00845815783732926,0.00741698348464799,0.00651761899263703,0.00577427844839451,0.00519445997321992,0.00477938065446844,0.00452493822601418,0.00442288365786139,0.00446191452027562,0.00462847116339071,0.00490707422880081,0.00528028317108457,0.00572842587466787,0.00622936409200366,0.00675860975600869,0.00729002367817055,0.00779716867759641,0.00825533711017215,0.00864390422871916,0.0089487453632527,0.00916417428988156,0.00929406607639583,0.00935182527953681,0.00935913226650337,0.00934360926452193,0.00932022168093453,0.00928896647364448,0.00924983415111347,0.0092117141957175,0.00918755638622072,0.00917999776958107
"3-Nitrotyrosine",0.0279322907946811,0.0279279797730166,0.0279150327780702,0.0278934583695968,0.0278518495728515,0.0277788091537102,0.0276743301626964,0.0275384129592176,0.0273710607223197,0.0271722712338981,0.0269265580317736,0.0266184145425421,0.0262356813672136,0.0257565436597747,0.0251713614350649,0.0244765269959747,0.0236684490375863,0.0227494402304633,0.0217265231905221,0.0206108721927912,0.0194089662260389,0.0181289018060955,0.0167868418729027,0.0153984474463539,0.0139782698785814,0.0125395716183376,0.0110946097099311,0.00965526823661932,0.008233937250215,0.00684438854506999,0.00550248079825478,0.00422643104589205,0.00303655923917722,0.00195441018661039,0.00100130916344584,0.000196508646529701,-0.00044488438837801,-0.000913857775728132,-0.00120907221336961,-0.00133780571905963,-0.00131604891661879,-0.00116773782064436,-0.000923120520102244,-0.000616448472110252,-0.000283241573635462,4.25726151186655e-05,0.000331343377197356,0.00055987131775365,0.000712946919630815,0.000784054130727213,0.000775280236229322,0.000696459548112231,0.000563762234644332,0.000397850423469294,0.000221818587560039,5.91375469767997e-05,-7.86034954803911e-05,-0.000191402809485652,-0.000279281091953295,-0.000339741950913047,-0.000371444426186366,-0.000380378816081337
"Myristic acid",0.0163099694563083,0.016333830452273,0.016405396778647,0.0165246865556815,0.016677629631903,0.0168501844382485,0.0170423470699225,0.0172541146839759,0.017485492067566,0.0177364742343023,0.0179760615482103,0.0181732402917867,0.0183094578154048,0.0183554142827802,0.0183003569287379,0.0181476012488579,0.0179004683116264,0.0175686230372669,0.0171705702425723,0.0167206541008923,0.0162243876213466,0.0156769746759825,0.0150642739009364,0.014364895721685,0.0135546212721977,0.0126116722287296,0.0115218349677562,0.0102824432337417,0.00890457105571026,0.00741307220558937,0.00584462294364615,0.00424419584285359,0.00266072153941082,0.00114270632432987,-0.000265500820845135,-0.0015263364982391,-0.0026104085838056,-0.00349678134007537,-0.00417255639279738,-0.00463221276450774,-0.00487710727068203,-0.00491542253686525,-0.00476252094369186,-0.0044414815607779,-0.00398339143147227,-0.00342689091411583,-0.00281657937832194,-0.00220014500297423,-0.00162425592482729,-0.00112980063157321,-0.000747034322299485,-0.000491602376430202,-0.000362121020815315,-0.000339915356003577,-0.000391083863116429,-0.000470589761689661,-0.000553734954631834,-0.000640521587531286,-0.000730962602090044,-0.000810548586198183,-0.000858787728902392,-0.00087355655501098
"Biotin",0.0169347165724006,0.0169336522678287,0.0169304460026644,0.016925106892392,0.016910583762955,0.0168798373260881,0.0168328606462364,0.0167696521084741,0.0166902188375908,0.016594557519339,0.0164736358499674,0.0163184147899388,0.016121938420573,0.0158716592944404,0.0155619910724651,0.0151903528499481,0.0147541672448323,0.0142536204827106,0.0136902185598857,0.0130675253368926,0.0123877870752648,0.0116545857459904,0.0108756075452172,0.0100595216708679,0.00921593984110967,0.00835541214171628,0.00748941934598382,0.00663030284162014,0.00579109651239501,0.00498522855012677,0.00422611919822111,0.00352667736431024,0.00289877310125115,0.00235272553268638,0.00189688898589689,0.00153736558747593,0.00127788897389959,0.00111988490403192,0.00106266770290673,0.00110374255022076,0.00123916485342564,0.00146386330720513,0.00177189723045965,0.00215661159581131,0.00261065449611093,0.00312588001536881,0.0036931798574876,0.00430226493340752,0.00494150891779407,0.00559784384772848,0.00625686280402106,0.00690304932175845,0.00752027814405182,0.00809247668200625,0.00860448402728957,0.00904302917029022,0.00940208566895699,0.00968165607479122,0.00988173141000276,0.0100063025882739,0.010067001156982,0.0100833010823886
"Heptadecanoic acid",0.0655013644783541,0.0653855408837137,0.065038046239768,0.0644588869415273,0.0636215403565228,0.0624994768661972,0.0610927070759869,0.0594012097253993,0.0574249865824359,0.0551640621283749,0.0526573137090117,0.0499435863120094,0.0470530138109557,0.0440391980365838,0.0409257926719905,0.0377262589019512,0.0344541397635306,0.0311225249459425,0.0277611541504411,0.0244080596385544,0.0210846868477362,0.0178191756451948,0.0146665899702946,0.0116751682766831,0.00887864755857532,0.00629119368995691,0.00390690481688746,0.0017046916837788,-0.000341891822951829,-0.00225186032922322,-0.00402385994454417,-0.00562656338884155,-0.00699521106000092,-0.0080362895941933,-0.00864051124713502,-0.00870240547311131,-0.00814344018580154,-0.00693404364253291,-0.00511009166023257,-0.00278001371492624,-0.000120048819901408,0.00264228679578373,0.00525456828472782,0.00747145171384326,0.00908703342046841,0.00996194800773189,0.0100405705742456,0.00935533188164915,0.00801760950120462,0.00619718217718678,0.00409401776080336,0.00190779047068264,-0.000189398525137441,-0.00207282773876756,-0.00367486697732304,-0.00498417895409167,-0.0060084894579089,-0.0067477659843249,-0.0072020862745902,-0.00742219413827329,-0.00750278201442691,-0.00751918640800316
"Linolenate",0.0242162242499211,0.0242126650840144,0.0242019765760418,0.0241841664387494,0.024149808952135,0.0240894896366249,0.0240032020337103,0.0238909461001216,0.0237527255787569,0.0235885370511172,0.0233850964598162,0.0231290996984979,0.0228098191535751,0.0224077556823051,0.021914151308683,0.0213249445540652,0.0206360894298546,0.0198480583023943,0.0189636053676688,0.0179886018844206,0.0169266520602241,0.015782667809521,0.0145666297225286,0.0132886233322598,0.0119586550010164,0.0105867939191954,0.00918363089514176,0.00776091259408765,0.00633225598745308,0.00491372065467703,0.00352412154575239,0.00218488413190168,0.000919409561971564,-0.000248088882018898,-0.00129419441148356,-0.0021981679591296,-0.00294393579803289,-0.00352187637482151,-0.0039302052298988,-0.00417574732621693,-0.00427392156004904,-0.00424794008915127,-0.00412722029213558,-0.00394517870636732,-0.00373661609965341,-0.00353495027099564,-0.00336956640057861,-0.00326359175162553,-0.00323222275975166,-0.00328181888645596,-0.00340977628594757,-0.00360518627852964,-0.00385013877487763,-0.00412157042667309,-0.00439346930637309,-0.00463920307986357,-0.00484558262303588,-0.00501260648297179,-0.005140294133113,-0.00522638043705849,-0.00527092672617359,-0.00528338092076353
"Alpha-Linolenic acid",0.028376712389532,0.0284836597794231,0.0288044705622481,0.0293391771432257,0.0300351388798629,0.0308397524798668,0.0317530002512316,0.0327748990237923,0.0339054351035868,0.0351446133767245,0.0363507155301082,0.0373819888253505,0.038141676783132,0.0384678746966145,0.0382954125305758,0.0376251088458297,0.0364577806564805,0.0348420783397752,0.0328864793243185,0.0307122969316337,0.0283810016431781,0.0259357305216534,0.0234483559564971,0.020962387944387,0.0184964592670343,0.0160520836879387,0.0136237187132994,0.0112088538841991,0.0088161414144585,0.00647003855646917,0.00421136153068515,0.00209389397659188,0.000178010773784813,-0.00147727744482214,-0.00282231030307656,-0.0038233551336034,-0.00446685612501072,-0.00476082739974031,-0.00473361067253694,-0.00443053638284704,-0.00390925335673606,-0.00323473125689002,-0.00247447045299397,-0.0016944975420128,-0.000956172215600766,-0.000313692906270225,0.000188022593630358,0.000515199436660521,0.000647159856400589,0.000577934084301075,0.000317603553227432,-0.000107406943472371,-0.000655404661886374,-0.0012720974945166,-0.00189501111528906,-0.00245915901034831,-0.00293211932820595,-0.00331393737552233,-0.00360461098250751,-0.00379918942683714,-0.00389878558587766,-0.00392631506329594
"13-HODE",0.0235611126797272,0.0235456169568685,0.0234991179652519,0.0234216230416524,0.023308732270732,0.0231560552038912,0.0229635873570768,0.0227313264920672,0.02245927762237,0.0221474378059096,0.021796602748179,0.0214075521026918,0.0209790215541081,0.0205072958335064,0.0199899405508942,0.0194229298061324,0.0188022541830756,0.0181242767827492,0.0173827822579819,0.0165740770322386,0.0156970626921853,0.0147540284893755,0.0137509553904234,0.0126961280966756,0.0115991428121866,0.0104699311026372,0.00931807363964946,0.00815254457698573,0.00698199929709864,0.005815492462128,0.00466348631111237,0.00353881531682438,0.00245735381672587,0.00143808552165781,0.000502425789346473,-0.000327217502110592,-0.00102954068876528,-0.00158677670393998,-0.00198712497851746,-0.00222677664750012,-0.00231115250552174,-0.00225514618922923,-0.00208224954932526,-0.00182264759897233,-0.0015105258715346,-0.00118092697979034,-0.000866556720430426,-0.000594967472862154,-0.00038637561164106,-0.000252369403750846,-0.000195554845238763,-0.000210098050040143,-0.000282950886045692,-0.000395618736388156,-0.00052620032882365,-0.00065147251936374,-0.000759748608768462,-0.000851021120000149,-0.000925311877492091,-0.000978893133129323,-0.00100797676016753,-0.00101636621377958
"Arachidonic acid",0.0193429405525669,0.0193387092531986,0.0193260061469508,0.0193048386806282,0.0192698682728972,0.0192157698997158,0.0191425389739662,0.0190501743327816,0.0189386799699746,0.0188080537183323,0.0186530337721845,0.0184683458220164,0.0182494820124915,0.0179878453221191,0.0176793611805641,0.0173207946730575,0.0169089197418908,0.0164412191511706,0.0159130010571869,0.015320297620862,0.0146613189292913,0.0139354858942011,0.0131426481117041,0.0122849712000417,0.0113675993476064,0.0103992322456599,0.00939252406867756,0.00836415812264314,0.00733454949773298,0.00632710639924933,0.00536709905344693,0.00448017768233971,0.00369069129574859,0.00301995150829644,0.00248462351795573,0.00209542134529878,0.00185623108098621,0.00176378737390319,0.00180791644541698,0.00197232538770775,0.00223587800419383,0.002574185840032,0.00296139095923762,0.00337195353922648,0.00378227986030994,0.00417206951334354,0.00452528816710963,0.00483069873783827,0.00508199949226708,0.00527755790510273,0.00541986828462872,0.00551477372106869,0.00557061271348259,0.00559731820318955,0.00560556834543014,0.00560603341807553,0.00560396697890627,0.00559937193375145,0.00559223659512122,0.00558469007858003,0.00557978908613181,0.00557823924784464
"dCMP",0.0482358065715059,0.0481872206422289,0.0480414144099299,0.0477984054114306,0.0474249879295051,0.0468879529903174,0.046187291228454,0.0453229883748349,0.0442950654010499,0.043103517751433,0.0417451639134213,0.0402167991336815,0.0385242184986538,0.0366828587055891,0.0347024025803487,0.0325983515871191,0.0303862478358707,0.0280838644664565,0.0257264035623686,0.0233472431086551,0.0209623954878762,0.0185828440782169,0.0162275248016004,0.0139092605621743,0.0116351135266469,0.00940731192751458,0.00722465059631371,0.00508425596865737,0.00298355042386027,0.000922216039512841,-0.00109590598565013,-0.00306129621695295,-0.00495759187942461,-0.00676106438457622,-0.00844070477353042,-0.00995910953175926,-0.0112741208225422,-0.0123411803857182,-0.0131163324884742,-0.0135596560300137,-0.0136388075377664,-0.0133324357773581,-0.0126330711310285,-0.0115490967295156,-0.0101056042433118,-0.00834394846102135,-0.00631989794044941,-0.00410062589778869,-0.00176066371615029,0.000622608751919697,0.00297373195716808,0.00522340013998985,0.00731223076501393,0.00919336747107197,0.010834104543439,0.0122165802336589,0.0133356130149499,0.0141912346411834,0.0147833832554787,0.0151352611098617,0.0152996303871431,0.0153423578741529
"12-HETE",0.0253618057546195,0.0253453240538342,0.0252958735356408,0.0252134554648552,0.0250933893131492,0.0249309996533448,0.024726281018418,0.0244792319963259,0.0241898583890764,0.0238581564292293,0.0234878510035889,0.0230826516539021,0.0226440550730812,0.0221732854858762,0.0216700918425312,0.021130555707312,0.0205507723163814,0.0199246177981019,0.0192397932748159,0.0184847069190272,0.0176539518908631,0.0167458278645743,0.0157595720009042,0.0146998927328227,0.0135772007572806,0.0124073524287396,0.0112109698436262,0.0100123717129666,0.00883823904147133,0.00771608057591106,0.00667262741448435,0.00573220818166231,0.00491523136381865,0.00423684550713821,0.00370587951243555,0.00332417212798235,0.00308634096816401,0.00298010120785474,0.00298712425928442,0.0030844037701398,0.00324606701457294,0.00344542787962038,0.00365711350814388,0.00385901860105886,0.00403386007216157,0.00417015825561666,0.00426253942710728,0.00431131982595987,0.00432149531789369,0.00430128538881048,0.00426046578715457,0.00420874671059737,0.00415446855152364,0.00410372197552082,0.00405999444501402,0.00402431553220301,0.00399663740392005,0.00397696594032008,0.00396528531933295,0.00396001986730407,0.00395827562460185,0.00395796080014949
"5-Thymidylic acid",0.0416384870316961,0.0416184673517152,0.0415583908991876,0.04145827515818,0.0413089894825159,0.0411014262535839,0.0408355717179515,0.0405114126859576,0.0401289751621299,0.03968824919741,0.0391784789257315,0.0385889103153962,0.0379049429271313,0.0370969483477212,0.0361499201800127,0.035053917173792,0.0337990100415979,0.0323884115170063,0.030836782411897,0.0291747860777928,0.0274216691719232,0.0256052492756487,0.0237794479833871,0.0219899774427948,0.0202656359461022,0.0186121956346479,0.0170105096022694,0.0154197073827345,0.0137852571541419,0.0120505594699957,0.0101699443478004,0.00812039459378759,0.00590954834595298,0.00357808440454302,0.00119572770710082,-0.00114858814690428,-0.00336076304990454,-0.00535700380991892,-0.00707781098034656,-0.00849766863452629,-0.00962843819154254,-0.0105158094441724,-0.0112294346301082,-0.0118487630925891,-0.0124474134301776,-0.0130792693035441,-0.0137690467856034,-0.0145092917273684,-0.0152642509703763,-0.0159797394621353,-0.0165969187812062,-0.0170670344928167,-0.0173639981314278,-0.0174923542353979,-0.0174892040161083,-0.0174199061375486,-0.0173233121314398,-0.017199423527642,-0.0170482664978342,-0.0169020378755832,-0.0168089214185835,-0.0167796135335708
"Fructose 1,6-bisphosphate",0.0281059758427378,0.0280941681997909,0.0280587391384141,0.0279996917148543,0.0279032167416314,0.0277555150323575,0.0275565825450639,0.0273064141875906,0.0270050178961595,0.0266523898183148,0.0262431406167983,0.0257718628694502,0.025237945468624,0.0246421256965523,0.023985785347338,0.0232722912845783,0.0225050279014543,0.0216859113286709,0.0208168792207353,0.019895622800547,0.0189198273902662,0.0178832206064557,0.0167727931828012,0.0155761301479059,0.0142847300990401,0.012897326758943,0.011422649974358,0.00988104549964938,0.00830459946054211,0.00673556071512758,0.00522319203403047,0.00381934140470202,0.00257332914614364,0.00152679408073223,0.000709196848638252,0.000134608999033855,-0.000199831005477207,-0.000313534778821595,-0.000240265366462478,-2.4440800162711e-05,0.000283608635205991,0.000632734682229125,0.0009758432068865,0.00127393572925811,0.00149890727765797,0.00163486287880372,0.0016779409923764,0.00163478616424904,0.00152005173089411,0.0013533207155767,0.00115592743886953,0.000948075359931962,0.00074663933617476,0.000563781936428925,0.000406434449150112,0.000276578874943359,0.000174058149789777,9.88772551770642e-05,5.10169287197201e-05,2.62424618833138e-05,1.63240981660324e-05,1.40870338965638e-05
"Gibberellin A3",0.0398945780030155,0.0398706068809073,0.0397986777734142,0.0396787931762104,0.0394970513564881,0.0392395490095659,0.0389062769396495,0.0384972330930397,0.0380124269913973,0.0374518513871654,0.0368133446531152,0.036094719094313,0.0352951256735393,0.0344130318096953,0.0334477739910878,0.0323984122967191,0.0312640321224776,0.0300433068335084,0.0287337086115501,0.0273332467883594,0.0258411635720051,0.0242589536582773,0.0225914567308268,0.0208475381049361,0.0190406389340141,0.0171888643328644,0.0153145391220875,0.0134431913961938,0.0116021039742046,0.00981857414660306,0.00811819595833134,0.00652333146469949,0.00505207526212317,0.00371778200691335,0.00252921704707415,0.00149122494462488,0.000605689785496501,-0.000127413644304498,-0.000709185591257076,-0.00114139203887536,-0.00142654527604753,-0.00156851926716866,-0.00157350949547358,-0.00145108852079423,-0.0012150775226975,-0.000883931741741558,-0.000480405792882128,-3.048238973433e-05,0.000438456397575167,0.000899913515493882,0.00133072708054621,0.00171324368906385,0.0020369671100883,0.00229927129612559,0.00250514628067061,0.00266606734132466,0.00278921402781284,0.00287459836865593,0.00292218724731254,0.00294059912735236,0.00294485507566607,0.00294506414703213
"Prostaglandin E2",0.0223815055470327,0.0223732428773076,0.0223484483512567,0.022307126053754,0.0222442117604035,0.0221546502197005,0.0220384363602325,0.0218955680303819,0.0217260517427619,0.0215298828726581,0.0213053166838303,0.021050596482376,0.0207639141579219,0.0204414009710455,0.0200810087040341,0.0196799864359129,0.0192355932153174,0.0187445082011142,0.0182000368043062,0.0175955991221865,0.0169279987008871,0.0161953032547458,0.0153948091376999,0.0145264435802514,0.0135933857877107,0.0126025225694101,0.0115646804997898,0.0104945414164141,0.0094102345178909,0.0083325717620153,0.00728399214414877,0.00628724876014853,0.00536397390911967,0.0045332308566513,0.00381019428800517,0.00320510326245342,0.00272256926429492,0.00236135298367712,0.00211461121856013,0.00197059283827394,0.00191373620244245,0.00192601469105133,0.00198841900816535,0.00208240949559223,0.0021911912225795,0.00230070277026293,0.00240024600217538,0.00248270439676047,0.00254441672521909,0.00258473686639576,0.00260539273133674,0.0026097410922019,0.00260206444874569,0.00258694396609937,0.00256877952397999,0.00255148453780889,0.002536872559352,0.0025249474006167,0.00251569547486257,0.00250938016782971,0.00250608744498016,0.00250516096139764
"S-Adenosylhomocysteine",0.044421364948042,0.0444367405416791,0.0444828450705684,0.044559697813472,0.044641176690836,0.0447011789878443,0.0447396941155302,0.0447567324007917,0.0447522806125682,0.0447263513713566,0.0446184059259603,0.0443678685093131,0.0439251314370055,0.0432010836198369,0.0421562702850792,0.040778379702714,0.0390551277548173,0.0370036615922711,0.0346708006185047,0.0321253335005593,0.0294063775635937,0.0265599769717584,0.0236752390430525,0.020831380564888,0.0180912267607664,0.0154976261066115,0.0130735031865383,0.0108254789459768,0.0087504444720271,0.00684366106665314,0.00510674439587193,0.00355367629714894,0.00221341697520433,0.00112823258698207,0.000347699426043756,-8.0671453118266e-05,-0.000122709116886634,0.000231539540398538,0.000959408695661971,0.0020015670589258,0.00326356748462144,0.00462303322941355,0.00594179677563531,0.00708110795978768,0.00791765819907395,0.00835788211825145,0.00834835284407867,0.0078806398408356,0.00699020509075321,0.00574966622318085,0.00425787420861405,0.00262677221842415,0.000968212605195883,-0.000617287234826513,-0.00204863920038135,-0.00326851033640107,-0.00425445584049,-0.00500649464664247,-0.00552464963646218,-0.00582979850896846,-0.00597047993767706,-0.00600659630593337
"5-Methyltetrahydrofolic acid",0.0395772511914284,0.0395755194499587,0.0395703299195515,0.0395616748531918,0.0395423789059008,0.0395052623121445,0.0394503203265604,0.0393775527023984,0.0392869658383875,0.0391785484764903,0.0390464339469398,0.0388847386917117,0.0386909413466885,0.0384614654340721,0.0381952521934005,0.0378923491252,0.0375528168633313,0.0371745274938698,0.0367511163508372,0.0362716580766451,0.0357294885527699,0.0351144015576582,0.0344059746303916,0.0335854099252352,0.0326388316835332,0.0315602237503992,0.0303534085775809,0.0290325740106444,0.0276212183622181,0.026149603482814,0.0246511750192747,0.0231585283288152,0.0216996542843014,0.0202951022537327,0.0189564827805272,0.0176865449279371,0.0164806120711293,0.0153290611621396,0.0142202408149628,0.0131431922541369,0.0120896826862286,0.0110551830085512,0.010038745772319,0.00904194827294446,0.00806732733230169,0.00711681060744479,0.00619063829819209,0.0052870960960709,0.00440322602989588,0.00353640248928765,0.00268629315257105,0.00185685421282162,0.00105769597239679,0.000304452530804473,-0.000382160312135397,-0.000978449059464731,-0.00147214069689766,-0.00186323557613369,-0.00215174947528393,-0.0023385243266452,-0.00243252817441524,-0.00245835434991946
"Glycocholic acid",0.0141098659921787,0.0141104350580206,0.0141121389844654,0.0141149784126947,0.0141105618272576,0.0140904972125516,0.0140547833393316,0.0140034199569908,0.0139364074747739,0.0138537445401263,0.0137454958628584,0.0136017159618242,0.0134172274010278,0.0131844987624418,0.012901182296125,0.0125700028797822,0.0121936950211322,0.0117774577553191,0.0113315793664215,0.010865232682602,0.0103825141462323,0.00988412471272068,0.00936983928439182,0.00883668778616004,0.0082802407352632,0.00769622827104959,0.00708218274291632,0.00643877524217784,0.00577062409530472,0.00508641618824859,0.00439836136778393,0.00372106403330945,0.00307004647981697,0.00246015981368416,0.00190412927633625,0.00141144364938111,0.000987669683104916,0.000634249590307711,0.000348701562584325,0.000125105388561303,-4.52342695458057e-05,-0.000173090998154436,-0.000270634395509194,-0.000350803402186752,-0.000426697486173655,-0.000510940663195623,-0.000614960752129226,-0.000748190816725853,-0.000917190139575422,-0.00112479867595356,-0.00136946034362811,-0.00164485670968831,-0.00193999553686098,-0.002239838734104,-0.00252649535832968,-0.0027808388832668,-0.00299321514824781,-0.0031636241192622,-0.00329207652686803,-0.00337734389813554,-0.0034210106013153,-0.00343313914655246
"NAD",0.023071266419089,0.0230610501329123,0.0230303991964727,0.0229793063003327,0.0228965402292856,0.0227708561723743,0.0226022392980385,0.0223906977268766,0.0221362348484095,0.0218388420942542,0.0214822130371507,0.0210500075934612,0.0205257306946744,0.019877182264517,0.019088661060291,0.018148493476464,0.0170450270416519,0.0157740808863186,0.0143321382102791,0.0127256783736632,0.0109605438362267,0.0090523848803934,0.00703617994792231,0.00495285490717576,0.00284624958446193,0.000759762272740764,-0.00126692584680298,-0.00320069558277296,-0.00501703175135406,-0.00670108836012472,-0.00824763380989323,-0.00966002609445675,-0.0109483485378066,-0.0121270599448783,-0.0132124982874016,-0.0142205576644414,-0.0151649124426374,-0.0160558791413859,-0.0169000553210658,-0.017700682471719,-0.018458528904325,-0.0191731185508883,-0.0198439897344789,-0.0204717654395847,-0.0210588273174288,-0.0216094788914475,-0.0221295506598507,-0.0226256144450916,-0.0231038487472255,-0.0235688347503276,-0.0240225120902581,-0.0244634580414948,-0.0248866425841476,-0.0252837570044876,-0.0256441101742908,-0.0259559334084825,-0.0262132366837841,-0.0264160225751777,-0.0265643136893655,-0.0266592175278246,-0.02670653720451,-0.0267194523959655
"Citraconic acid",0.0177135170054354,0.0177133240019206,0.0177127364861856,0.0177117602521746,0.0177030128580958,0.0176791199577928,0.0176400773978018,0.0175858856751636,0.0175165462636853,0.0174320577031514,0.0173214935566848,0.0171739138173194,0.0169812289041635,0.0167291978932957,0.0164116789057198,0.0160266594543613,0.0155721368388547,0.0150493657906369,0.0144618637978899,0.0138146795929354,0.0131106063197873,0.0123525510186962,0.0115462563300957,0.0106974298288897,0.00981213401874995,0.00889735673329639,0.00796163869120576,0.00701557249837298,0.00607207077780786,0.00514627836187535,0.00425512883015741,0.0034165376171575,0.00264834569999772,0.00196711573358647,0.00138692327112981,0.000918284440772308,0.000567303386936776,0.000335147941059759,0.000217862612564538,0.000206521442100881,0.000287717293115712,0.00044430501364064,0.000656380557915719,0.000902420862693251,0.00116053106831477,0.00140974580345639,0.00163132337274884,0.001809927883287,0.00193466757068318,0.0019998425983574,0.00200536069078994,0.00195671528016121,0.0018645296494983,0.00174363725419105,0.00161176783485742,0.00148797121578621,0.0013819020913435,0.00129356117715261,0.00122293637258653,0.00117294424631368,0.00114618075072685,0.00113853569810779
"Allantoin",0.0185795278174458,0.0185677429372905,0.0185323854853435,0.0184734538411958,0.0183855115585985,0.0182631182965286,0.0181062708218926,0.017914967827797,0.0176892134233484,0.0174290045682643,0.0171344180998346,0.0168055215389061,0.0164423375306895,0.0160447310091488,0.0156125547741238,0.0151454529248573,0.0146430808647713,0.0141054840173822,0.0135332401949682,0.0129279982286519,0.0122908904773188,0.0116242815710672,0.0109333396439127,0.0102238700584697,0.00950186232710996,0.00877308163756109,0.00804280876196803,0.00731577873839433,0.00659634255826635,0.00588878224332815,0.00519770512964902,0.00452835553196309,0.00388675312129339,0.00327954803965997,0.00271357114826724,0.00219513444518695,0.00172915779318503,0.00131832542921409,0.000962422003703147,0.000658002195090569,0.000398520250290226,0.000174913871944368,-2.34019912859779e-05,-0.000207286532540058,-0.000386563587511709,-0.000568870203364664,-0.000758839053511599,-0.000957770270642148,-0.00116380361433198,-0.00137254280447558,-0.00157803006729185,-0.00177384950763773,-0.00195416055359394,-0.0021145156458427,-0.00225235867132447,-0.00236714643452034,-0.00245910128531398,-0.00252821993123763,-0.00257451590314394,-0.00260068552401091,-0.00261233453274974,-0.00261524875248032
"Malondialdehyde",0.024735562693944,0.0247325220613434,0.0247233873606589,0.0247081675620416,0.0246736501665306,0.0246066316634733,0.024507108592858,0.0243750779096706,0.0242105434131025,0.024013504619033,0.0237678307824922,0.0234573786464778,0.023071722608141,0.0225938530739821,0.0220172043946104,0.0213435507877231,0.020574681387048,0.0197190497764923,0.0187954239860509,0.0178249594890782,0.016818514699503,0.0157844181320723,0.0147367414264042,0.0136839542042866,0.0126286404473891,0.0115682688727171,0.0104969762052708,0.0094081093347328,0.00829716754630849,0.00716461512061575,0.0060180930775355,0.00487352946257907,0.00375489762272926,0.00269250690784667,0.00171999666898347,0.000870434904718335,0.000172040943217676,-0.000355758578438224,-0.000705356275747797,-0.000882569444187863,-0.00090650323918018,-0.000807709987600016,-0.000624849221819693,-0.000400365851443228,-0.000175803630717522,1.25654656378919e-05,0.000137216773147004,0.000181477579026579,0.000140132683021432,1.8533892770867e-05,-0.000169465122816376,-0.00040433352119483,-0.000663888984193159,-0.000926099905573744,-0.00117132595913775,-0.00138377160526687,-0.00155662572966309,-0.00168988739142299,-0.00178357572436023,-0.001840285885169,-0.00186705319084694,-0.00187404775755526
"2-Methylpropanoate",0.0215948979787792,0.0215966053622393,0.0216017342493225,0.0216102891602132,0.0216339892268184,0.0216845829179129,0.0217620599613148,0.0218664223498861,0.0219976788247493,0.0221558159879855,0.02234417475806,0.0225660766975984,0.0228147383524895,0.0230711961950946,0.0233232656440485,0.0235497339618579,0.0237293913821483,0.0238375163066067,0.0238257576894761,0.0236498995068546,0.0232893517887933,0.0227339387156325,0.0219695955314889,0.0209947534876727,0.0198197009116172,0.018465005667886,0.0169593557434705,0.0153370634847113,0.0136356315297956,0.011893540255948,0.0101484167889329,0.00843557218235078,0.00678683885472453,0.00522962135058811,0.00378600530881623,0.00247195283969381,0.00129650533645501,0.000261171281912492,-0.000640391595926999,-0.00142223772781947,-0.00210538260115766,-0.00271640005433888,-0.00328536840295666,-0.00384334895928527,-0.00441962019576386,-0.00503893602108788,-0.0057191562521794,-0.00646953452245615,-0.00728979852554476,-0.0081701270192502,-0.00909206490127232,-0.0100301154007359,-0.0109539294221097,-0.0118307858589817,-0.012628212726557,-0.0133165382826036,-0.0138819268790833,-0.0143243827410607,-0.0146439110794896,-0.0148451453522421,-0.0149441061251911,-0.0149708523198012
"Glyceric acid",0.0203901608081613,0.0203878307247657,0.0203808292295666,0.0203691627039327,0.0203395346870431,0.0202786540856554,0.0201865183150888,0.0200631271342027,0.0199084801191514,0.0197225780277379,0.019489547316262,0.01919349610987,0.0188247557233575,0.0183679073583985,0.0178172197302804,0.0171747737322048,0.0164426674252531,0.0156282548257761,0.0147472803503635,0.0138163512366802,0.0128437003152245,0.0118347462789865,0.0107984562339569,0.00974025657520415,0.00866286549616836,0.00756774072564441,0.00645688838130442,0.00533466584432161,0.00420928929269042,0.0030937256653661,0.00200583920602248,0.000967681697005358,4.04611305064237e-06,-0.000859572142545138,-0.0015993385427289,-0.00219546325672324,-0.00263435804148512,-0.00291026774945517,-0.0030262356943674,-0.00299430834015094,-0.00283492883932361,-0.00257563814265886,-0.00224915865972703,-0.00189105955161132,-0.00153718339364844,-0.00122103921046102,-0.00097134737738052,-0.000809963217423102,-0.000750271535487909,-0.000796247955057011,-0.000942222930683453,-0.00117342116541233,-0.00146720526109639,-0.00179498177862852,-0.00212462337204844,-0.00242316171217243,-0.00267423985198505,-0.00287785605774565,-0.00303402952883019,-0.00313972385085145,-0.00319456113730843,-0.00320991792026085
"Alpha-Ketoisovaleric acid",0.00934749068651843,0.00935685891057765,0.00938496384806041,0.00943180842020545,0.00949358730129348,0.00956650386224092,0.00965055220475384,0.00974573095315583,0.00985204765179696,0.00996949563382174,0.0100848889587352,0.010185039560768,0.0102591844313979,0.01028788605476,0.0102624622588866,0.0101792828838915,0.0100347161924125,0.00982980848296805,0.00956829192291042,0.00925647779228464,0.00889799718414217,0.00849625474022705,0.00805706216366121,0.00758386914814719,0.00707730407868886,0.00653530178591234,0.0059538192893976,0.00532803954447744,0.00465387264453968,0.00392948216533199,0.00315656029334377,0.00234108226248715,0.00149337026918091,0.000627410555085961,-0.000240509515207416,-0.00109361399113628,-0.0019166349151636,-0.00269760675128981,-0.00342916164628938,-0.00410907905555302,-0.00473997128322856,-0.00532817187898304,-0.00588200563585652,-0.00640978064789661,-0.00691786387385582,-0.00740921174140656,-0.00788262815402739,-0.00833292389903026,-0.00875191888380014,-0.0091301198116573,-0.00945876524785773,-0.00973183397567602,-0.00994765968392956,-0.0101098318393281,-0.0102272769078131,-0.0103134947065528,-0.0103762277846662,-0.0104154825625769,-0.0104312605153236,-0.0104308092264789,-0.0104262696076921,-0.0104241919060216
"Methylsuccinic acid",0.0230410185389293,0.0230362829924806,0.0230220595382121,0.0229983584658205,0.0229504248371,0.0228635145917614,0.0227376234655621,0.022572751411519,0.0223688984413546,0.0221260659886048,0.0218277780015798,0.0214575357143426,0.0210048656254235,0.0204525395098646,0.0197938281769935,0.0190293898741825,0.0181599022362544,0.017191120919782,0.0161357205189184,0.0150077007136367,0.013814155248124,0.0125606656142444,0.0112574689459635,0.00991326727315775,0.00853623023498,0.00713539532059367,0.0057221935996385,0.00431172803364407,0.00292356507574255,0.00158178894777266,0.00031429724295407,-0.000848673950526672,-0.00187656899467705,-0.00274087026517402,-0.00341748516272217,-0.00388888504147745,-0.00414579095644069,-0.00418820252758064,-0.00402573387814674,-0.00367725617246665,-0.00316987052129217,-0.00253738515787367,-0.00181836346411167,-0.00105390271538876,-0.000285268525617612,0.000448499955788752,0.0011129028164321,0.0016800357115205,0.00213033833284302,0.00245379448153957,0.00265056015009545,0.00273081737138365,0.00271391579287385,0.00262672913984285,0.00250137612740084,0.00237251461848753,0.00225776316840844,0.00215712594288715,0.00207058071703427,0.00200486632545522,0.00196811220926523,0.00195733588232126
"Oxalacetic acid",0.025528686681744,0.0255364123952145,0.0255595703947103,0.0255981771256483,0.0256340947722119,0.025649208287114,0.0256435125395562,0.0256170062492278,0.0255696908727528,0.0255015675464923,0.0253838426748558,0.0251877013576894,0.0248943566678137,0.0244727658519404,0.0239106980783876,0.02320906303847,0.0223687863689543,0.021399654225123,0.0203229540121747,0.0191614276694662,0.0179263239521344,0.0166243399385622,0.0152659794619807,0.0138564629438725,0.0123974527837401,0.0108897970319197,0.00933680629985412,0.00774739782857023,0.00613855572355541,0.00453656016414858,0.00297674630256353,0.00150167785615337,0.000157976737540136,-0.00100782586602355,-0.00195386247481146,-0.00264731676510009,-0.00306809398492072,-0.00321126161329874,-0.00308801969856294,-0.00272510112877002,-0.00216265945152351,-0.00145099670359968,-0.000646442934480627,0.000193112014532386,0.00101259643039501,0.00176364503908595,0.00240769514705495,0.00291803686759045,0.00328082857202971,0.00349497632699898,0.00357112614858993,0.00352981964981952,0.00339914709891668,0.0032120502037074,0.00300351142153697,0.00280786317359871,0.00264180218516686,0.0025053274769901,0.00239841967086887,0.00232451691406273,0.00228574877635328,0.00227483620516422
"Oxoglutaric acid",0.0823546444848334,0.0822313963759991,0.081861619790781,0.0812452917639466,0.0803247501145808,0.0790422501508406,0.0773977964073584,0.0753913753549375,0.0730229903151374,0.070292650925938,0.0672240860062023,0.0638409637574223,0.0601786921759764,0.0563109837355509,0.0522762744682014,0.0481139996170245,0.0438637000596653,0.0395605540196133,0.035271411569478,0.0310551081694016,0.0269389434597784,0.022940496949532,0.019090237868267,0.015409569564271,0.0119120317962904,0.0086050675620818,0.00549221681424947,0.00257552008480221,-0.000142108361746308,-0.0026549351187249,-0.00495303386865849,-0.00702200414853355,-0.00884363997423802,-0.0103977869682531,-0.0116650459140977,-0.0126300387807108,-0.013284877493388,-0.0136321373255417,-0.013686964131419,-0.0134779698664729,-0.0130465244679951,-0.0124446244853116,-0.0117314415823118,-0.0109689559150105,-0.0102171999580577,-0.00952974490819448,-0.00894982259665396,-0.00850764849816965,-0.00821904890539039,-0.00808544319398182,-0.00809512345579288,-0.00822551535167022,-0.00844582440005854,-0.00872009107751037,-0.00901019223789024,-0.00927843369803583,-0.00950638117644235,-0.00969398382448412,-0.00984135365947637,-0.0099438688657487,-0.00999832710838358,-0.0100138711546241
"2-Hydroxyglutarate",0.0211196147468063,0.0211150281423914,0.0211012866652574,0.0210783720112992,0.0210460264002895,0.0210039789154241,0.0209522204208851,0.0208907575933127,0.0208195942061535,0.0207387169367838,0.0206488084340669,0.0205505259929844,0.0204416325256283,0.0203155036744778,0.0201677459950391,0.0199888014438289,0.0197691227444557,0.0194947217446051,0.0191365993371698,0.0186649399774886,0.018064955006882,0.0173269110478894,0.0164362284138135,0.0153893596083362,0.0141957051181152,0.0128780662948296,0.0114713302209555,0.0100192903135115,0.00856994664419967,0.00716984936008501,0.00585833377176376,0.00466251034586974,0.00359384912322927,0.00264694622289715,0.00180067014131526,0.00102159339050996,0.000269060831051999,-0.000498844103126951,-0.00131943696029815,-0.00222061810747372,-0.00321778336797848,-0.00431286809701147,-0.00549548255269443,-0.00674578046736593,-0.00803835812288314,-0.0093463643549953,-0.0106450348977978,-0.0119140733356679,-0.0131385308659264,-0.0143081934191142,-0.0154159678672842,-0.0164556511608535,-0.0174199086019532,-0.0182989449985733,-0.0190803431151378,-0.019750090672528,-0.0203009656739973,-0.0207329722824271,-0.0210461179983373,-0.0212444943108698,-0.0213427177062978,-0.0213694125313082
"Fructose",0.0209742007597311,0.0209719692561457,0.0209652688324791,0.020954099342581,0.0209272973403747,0.0208736968099165,0.0207932943475579,0.0206860916014268,0.0205520883451285,0.0203912830415286,0.0201922844187431,0.0199436842508536,0.0196393354354926,0.0192698860344745,0.0188321415602495,0.0183279137056556,0.0177590276267608,0.0171294978481947,0.0164472066075409,0.0157190355283336,0.0149480117969802,0.0141349659495475,0.0132810691915182,0.0123873285319926,0.0114563561778217,0.0104940869924497,0.00951102761501091,0.00852266766132988,0.00754891465396102,0.00661256391830884,0.00573708276379757,0.0049440609142828,0.00425082734315215,0.00366863928417059,0.00320176079730815,0.00284756594171492,0.00259755786440106,0.00243907972312533,0.00235731099395625,0.00233713154387652,0.00236453321142404,0.00242732228577894,0.00251511400151693,0.0026187480224103,0.0027294187381583,0.00283787509097338,0.00293403166529016,0.0030071820729265,0.003046921674878,0.00304460472088868,0.00299507003009854,0.00289822838605589,0.00276013699417055,0.00259321630735725,0.00241546310181134,0.00224875200800438,0.00210473782840208,0.00198342225719183,0.00188479090012171,0.00181365647378162,0.00177500465273341,0.00176385206861724
"Geranyl-PP",0.023090543771381,0.0230872495544095,0.0230773479661083,0.0230608424316704,0.0230060730283969,0.0228813625003846,0.022686708201687,0.022422105840426,0.022087558807605,0.0216830701243329,0.021175762181696,0.0205327485514333,0.0197385514619279,0.0187729464582942,0.0176312062757108,0.0163299124646126,0.0148856671457988,0.013329574046855,0.0117265984203051,0.0101436064241589,0.00861364143672606,0.00715910605044858,0.00581655167333858,0.00460533909110027,0.00352744282972017,0.0025694511273179,0.00170639164239028,0.000906838480313822,0.000138513069579136,-0.000626432905975085,-0.00140715030617029,-0.00221146938177141,-0.00303513558033118,-0.00386297486033088,-0.00467164450298397,-0.00543348259624638,-0.00612081266617508,-0.00670996117146733,-0.00718443081892043,-0.00753678782322053,-0.00776901854761698,-0.00789148120535715,-0.00792069183999837,-0.00787643188811857,-0.00777870719150377,-0.00764513301960834,-0.00748909854872254,-0.00731904755873506,-0.00713883249858827,-0.00694904061664712,-0.00674887542107419,-0.00653826366489269,-0.00631961071863756,-0.0060989447895102,-0.00588622181195251,-0.00569466624700651,-0.00553155987558199,-0.00539690191060717,-0.00529071834038761,-0.00521627534041655,-0.00517636580151178,-0.00516490900635728
"Adenylsuccinic acid",0.0161347091160113,0.0161328545429042,0.0161272865596816,0.0161180068111547,0.0160989579340638,0.0160640847757328,0.016013384052997,0.0159468555383061,0.0158645017658684,0.0157663204847488,0.0156455428802937,0.0154953915204173,0.0153113266261081,0.0150856334288704,0.0148151432166648,0.0144993592541275,0.014137791971987,0.0137317822822032,0.0132844532169294,0.0127994688979342,0.0122787193408902,0.0117237510877067,0.0111374905388574,0.0105226857810094,0.00988233509326679,0.00922022767332203,0.00854148125233769,0.00785293356002302,0.00716330122683488,0.00648302503118666,0.00582381357238661,0.00519790445982994,0.00461715587200051,0.00409207624244445,0.00363092405599694,0.00323900519156902,0.00291823176179504,0.00266701927755057,0.00248050177536022,0.00235102415382339,0.00226885902830414,0.00222303027608009,0.00220217479997564,0.00219534585590097,0.00219269884243093,0.00218601901481532,0.00216908152863839,0.00213782250170164,0.00209036845152939,0.00202692071564304,0.00194952639527063,0.00186175570534473,0.00176832156760386,0.00167464298221673,0.00158637094531039,0.00150892509934793,0.00144490685172746,0.00139431668221183,0.00135714564761038,0.00133325511601254,0.00132134146499125,0.00131809451319557
"Glycerol 3-phosphate",0.0174805719341698,0.0174784365355098,0.0174720215285538,0.017461333686449,0.0174358123535312,0.0173849069665484,0.0173086149550624,0.0172069320632117,0.0170798640607616,0.0169274085631613,0.0167396116687195,0.0165065103340651,0.0162233329427247,0.0158834555840895,0.0154850408434807,0.0150313316870515,0.0145255811884405,0.013973240285648,0.0133848478827039,0.0127692501779617,0.0121302182189241,0.0114673327011162,0.0107777632775087,0.0100552985984566,0.00929195007564899,0.0084800818864118,0.00761473924002535,0.00669577497538665,0.00572943252247507,0.00472907573178462,0.00371493806415502,0.00271284506588913,0.00175208979353866,0.000862710071019774,7.2536100211686e-05,-0.000595596840816337,-0.00112613204462812,-0.0015122520583726,-0.00175637758894055,-0.00186967128523613,-0.00187062007397371,-0.00178295412607865,-0.00163315362302829,-0.00144788466335482,-0.00125166309492739,-0.0010649986543094,-0.000903172685920601,-0.000775744981422074,-0.000686710446400436,-0.000635236803875295,-0.000616765647416938,-0.000624322250394794,-0.000649779429919861,-0.000684969120396639,-0.000722531925942399,-0.000756434568356106,-0.0007840303559788,-0.000805316953873711,-0.000820308189077756,-0.000829326628783995,-0.000833494533855081,-0.000834557137043862
"Pyruvic acid",0.0219781645561916,0.0219937040442935,0.0220403262332554,0.0221180256736729,0.0222133939994482,0.0223130130562306,0.0224168786741359,0.0225249959206459,0.0226373618360188,0.0227539730212903,0.0228459203754929,0.0228842793443288,0.0228495910628456,0.0227095153298017,0.0224511639376248,0.0220753210510155,0.0215827807532276,0.0209842083897188,0.020303231843905,0.0195660149002585,0.018785776927434,0.0179716421202482,0.0171386359277142,0.0162953697499307,0.0154446401716529,0.0145849656276312,0.0137126655761614,0.0128240102237453,0.0119170537829598,0.0109928085605301,0.010055633912307,0.00911281580614546,0.00817351907565853,0.00724736572856265,0.00634291198647225,0.00546635318808529,0.00462057101975562,0.00380471503444509,0.0030142788667946,0.00224158350385974,0.00147658106935386,0.000707807077563499,-7.65881417210137e-05,-0.000887851114767492,-0.00173565937837732,-0.00262720131423411,-0.00356627344875834,-0.00455245927297534,-0.00558038811974094,-0.00663918602739679,-0.00771231967160913,-0.0087778603532995,-0.00980940393562761,-0.0107775837132347,-0.0116522545994674,-0.012405070474838,-0.0130226334891391,-0.0135049548415428,-0.0138520430484709,-0.0140695294000837,-0.0141759062687215,-0.0142045176470302
"Methyl-3-methyl-2-oxopentanoate",0.018374889636329,0.0183679700750265,0.0183472045265053,0.0183125965367336,0.0182594962859233,0.018183259996738,0.0180838823845819,0.0179613652028047,0.0178157097622015,0.017646913619769,0.017449939293239,0.0172197309821274,0.0169506983908347,0.0166315200776763,0.0162564766023914,0.0158202006410082,0.0153173379194188,0.0147440032910029,0.0140936504551787,0.0133624417843952,0.0125492100465989,0.0116563296390267,0.0106903972872467,0.00966157173241683,0.00858324802290742,0.00747151460807661,0.00634446730372088,0.00522139753347377,0.00412196657858835,0.00306538773718767,0.00206970920992201,0.00115118615950396,0.00032379152459412,-0.000401165767728093,-0.00101533227477248,-0.00151352413877311,-0.00189392395703779,-0.00215822713813461,-0.00231175943891062,-0.00236353544149868,-0.0023261827122984,-0.00221571089875984,-0.00205103377454579,-0.00185322063261986,-0.00164446540168402,-0.00144679120412996,-0.00128056470164237,-0.0011629704720434,-0.00110653882450051,-0.00111794818399264,-0.00119723840003887,-0.00133757765646446,-0.00152563476208869,-0.00174260505634079,-0.00196580499033349,-0.00217067741067719,-0.00234473743666899,-0.0024879824616671,-0.00260042742815041,-0.00267857536530311,-0.00271997114393052,-0.00273173097169818
"Trimethylamine",-0.018753934749422,-0.018740850197908,-0.0187015824560488,-0.0186361419605768,-0.0185361322762957,-0.0183931692927272,-0.018207247503889,-0.0179783595289409,-0.017706517903512,-0.017391716075239,-0.0170297341077327,-0.0166163419688085,-0.0161483224686754,-0.0156199883161032,-0.0150288804828725,-0.0143747740242017,-0.0136574586612732,-0.012879466672517,-0.0120470838573811,-0.0111685761896776,-0.0102484838671521,-0.00929100532237639,-0.00830321466409093,-0.00728879726120899,-0.00624691444470247,-0.00517183886569109,-0.00405361033223899,-0.00287976670119997,-0.00163801612387954,-0.000319443488668335,0.00107822825173618,0.00254798659171592,0.00407197573900687,0.00562148583054458,0.00715860955403806,0.00863943671674614,0.010018406136743,0.0112531466777159,0.0123091214563508,0.0131633619622445,0.0138067115070163,0.0142443040827336,0.0144942349847936,0.0145847060848805,0.014550164589297,0.0144270778544533,0.0142499818290298,0.0140484101214257,0.0138449793573349,0.0136548031946748,0.0134860596201704,0.0133414316778816,0.0132198985136729,0.0131185438436459,0.0130340047085443,0.0129633357317292,0.0129052379118217,0.01285970428455,0.0128267591131016,0.0128058378692813,0.01279540432195,0.0127925489469145
"3-Aminoisobutyric acid",-0.00771940362428574,-0.00771907603105828,-0.00771808695402416,-0.00771644838908151,-0.00772284462789969,-0.00774598293284276,-0.00778585752332129,-0.0078424649814546,-0.00791581542694251,-0.00800590046622495,-0.00811505110363212,-0.00824559747765806,-0.00839283107068545,-0.00854412062680892,-0.00869152908941047,-0.00882330198598847,-0.00892768358944403,-0.0089941565349264,-0.00900416272462512,-0.00894487153207331,-0.00881149902426309,-0.0086056187805901,-0.00833212417537785,-0.0079978189139559,-0.00760820091669284,-0.00716455779019748,-0.00666210042889562,-0.0060896381236627,-0.00543103660415412,-0.00466826261113704,-0.00378552602778289,-0.00277372291409594,-0.00163431256661511,-0.000381812618188,0.000955673998795015,0.00233811068742556,0.00371720782912518,0.0050415630124083,0.00626246268665799,0.00733940178836409,0.00824445976842823,0.00896486712508993,0.00950343989207857,0.0098769240791746,0.0101126531674136,0.0102441442299678,0.0103064093508363,0.010331738311596,0.010346478393956,0.0103691714085894,0.0104100991594846,0.0104720152695509,0.0105516953186174,0.010641877575506,0.0107331946719005,0.0108158038585946,0.0108848478499511,0.010940325996131,0.0109822455554157,0.0110101002123104,0.0110243527104505,0.011028306819804
"Valine",-0.0115743237601699,-0.0115676446312366,-0.0115476016917129,-0.0115142009250653,-0.0114698868647848,-0.0114171155840576,-0.0113558811849857,-0.0112861811390963,-0.0112080244200504,-0.0111214036638116,-0.0110288648333815,-0.0109329479085183,-0.0108318466420332,-0.0107196919040146,-0.0105924163734541,-0.0104427198646582,-0.010263306443963,-0.010046769239849,-0.00977958574862067,-0.00945149588692293,-0.00905836600295185,-0.00860068764160453,-0.00808124434224082,-0.00750561753846745,-0.00688046610901996,-0.0062117631586653,-0.00550340277761158,-0.00475648959725979,-0.00396951782215808,-0.00313940915344504,-0.00226324268024554,-0.00134029709642702,-0.00037400174090414,0.000626645493498222,0.00164652254448717,0.00266485816472365,0.00365673867437402,0.00459541127211516,0.00545504419628594,0.00621349632425766,0.00685465666938369,0.00737000687359942,0.00775919192594845,0.00802955939195949,0.00819481420602513,0.00827304366146804,0.00828445786994216,0.00824922339491841,0.00818563776306841,0.00810886886492049,0.00803032368870814,0.00795759501852327,0.00789482786089445,0.00784336742093522,0.00780249496121421,0.00777011005885412,0.00774489563133355,0.00772684855273626,0.0077159795720716,0.00771089703552255,0.00770913609221731,0.00770880603427566
"Indole",0.0952952310792076,0.0952375779570631,0.0950646570729424,0.0947763607146237,0.0942513611492727,0.0933681366825361,0.0921266880604864,0.0905270197285347,0.0885691261977852,0.0862530016184967,0.0835283331288452,0.0803447233390516,0.0767182684298335,0.0727123090755322,0.0683741970061117,0.063791698189248,0.0590526798849265,0.0542411355384906,0.0495064085109596,0.0449523891274508,0.0406177785817155,0.0364861735125246,0.0325082288257481,0.0286145519107859,0.0247429768347215,0.0208646676801674,0.0170029750147498,0.0132405142889832,0.00971219845576213,0.00658502239738632,0.00402826123846693,0.0021795753283952,0.00111397509088484,0.000821780232620042,0.00120033695305126,0.00206158629652445,0.00315432184324946,0.00419762838941571,0.00491953079596086,0.00509400237700881,0.00457031551646381,0.00328976628037147,0.00128773505499372,-0.00131849769665864,-0.00435298810071513,-0.00761077501537406,-0.0108881491037356,-0.01400858991753,-0.0168405550132024,-0.0193052209103757,-0.0213748295710036,-0.0230635565623552,-0.0244142776823748,-0.0254847707641586,-0.0263364354847854,-0.027026792895362,-0.0275828906419135,-0.0280047164171393,-0.0282923468080199,-0.0284601823097297,-0.028537865961266,-0.028557972742316
"Niacinamide",-0.0148471729865759,-0.0148431225009734,-0.014830969255404,-0.0148107156590088,-0.0147845284182107,-0.014754580058322,-0.0147208635379795,-0.0146833784049419,-0.0146421324700442,-0.0145971179852704,-0.0145468827346904,-0.0144899685852505,-0.0144206474401659,-0.0143256580179542,-0.0141974586402149,-0.0140270243013122,-0.0138053336606698,-0.0135258200824463,-0.0131779910805737,-0.0127571734766387,-0.012262631724725,-0.0116996676391468,-0.0110806316660726,-0.0104199835231828,-0.00973144768544685,-0.00902533198099614,-0.0083065707365306,-0.0075739056837257,-0.00682042514787124,-0.00603536458117968,-0.00520685748691365,-0.00432507616818689,-0.00338516177540139,-0.00238934963543701,-0.00134785505760472,-0.000278353724865968,0.000795897933421362,0.0018489120580565,0.00285528953047179,0.00379340196259293,0.00464787144931684,0.0054109510655925,0.00608262058992026,0.00666947723085711,0.0071827172420468,0.00763565160102413,0.00804125075606967,0.00841019918004266,0.00874972156152738,0.00906330762534162,0.00935129214912277,0.00961198513022487,0.00984304670826989,0.0100427600650438,0.0102109606224396,0.0103494582577115,0.0104596702791415,0.0105415977441708,0.0105952494944306,0.0106244877434349,0.0106370009074474,0.0106400198629518
"Pyroglutamic acid",-0.00569101760060866,-0.00569111441682741,-0.00569140396206585,-0.00569188888406855,-0.00569320403409677,-0.00569599051503261,-0.00570024377048598,-0.00570596197694104,-0.0057131523433755,-0.00572180802393036,-0.00572903197304577,-0.00573192378681844,-0.00572607759438971,-0.00570225367066938,-0.00565560897692025,-0.00558151864253205,-0.00547535964039365,-0.00533426469105519,-0.00515379264700813,-0.00493211487915373,-0.00466898825833787,-0.00436611060039253,-0.00402706514086285,-0.00365513385600579,-0.00325199706594349,-0.00281671200424229,-0.00234522506240224,-0.00183058005448644,-0.00126387071654682,-0.000635808576927896,6.13199788930359e-05,0.000831666866051314,0.00167415165153192,0.00258144054095454,0.00353979641680958,0.00452985681559943,0.00552827696937966,0.00650996830406114,0.00745060855354871,0.00832903541279749,0.00912916563513281,0.00984117739359571,0.0104618214701561,0.0109938845253295,0.0114449594035508,0.0118257769556864,0.0121483980355247,0.0124245828973367,0.0126645270598724,0.0128761091810918,0.0130646880345381,0.0132333383881226,0.0133833958011028,0.013515134199313,0.013628439684861,0.013723339891758,0.0137999380743582,0.0138582352280268,0.013898237826102,0.013921690606788,0.0139325075297803,0.0139352888789239
"Leucine",0.0881872048297045,0.0879055156810575,0.0870605188766874,0.0856519996939023,0.0835611382875485,0.0806686932472591,0.0769747149637093,0.0724792091746491,0.0671821250442305,0.0610834979229692,0.054314283804439,0.0470053386918077,0.039324860097913,0.0316130117904087,0.0240420015432808,0.0167590699714563,0.00991165782732423,0.00358669327745939,-0.00207832020187108,-0.00701798471837495,-0.0112172005092917,-0.0147100942513406,-0.0175710453333543,-0.0198724178356785,-0.0216579205250298,-0.0229230831755031,-0.0236077783202036,-0.0236031827454386,-0.0227730110641104,-0.020985519022898,-0.0181503600768872,-0.0142533690553474,-0.00938163391425412,-0.00373347124349166,0.00239006877962961,0.00861178312495598,0.0145191789918945,0.0197133566395948,0.0238578361711318,0.0267189589832655,0.0281915539401093,0.0283057084414145,0.0272140983341102,0.025162838570693,0.0224515668553418,0.019389775719548,0.0162571376360575,0.0132739242073298,0.0105850752704755,0.0082594439426668,0.00630131003899072,0.00467070004435801,0.00330689841133873,0.00214963193444433,0.00115402922262507,0.000297752459497216,-0.000424368885201407,-0.00101223082265831,-0.0014659827594767,-0.00177754945210467,-0.00194315481838622,-0.0019905946318884
"1-Methyl-histidine",-0.0345912189688501,-0.0345746855080485,-0.0345250625923647,-0.034442365629798,-0.0343257654017402,-0.0341744576732451,-0.0339884290057106,-0.0337676840052097,-0.0335122277868021,-0.0332220476861162,-0.032894087198529,-0.03252523854832,-0.0321057549961477,-0.031612669074609,-0.0310327601389087,-0.0303473489955177,-0.0295377893785684,-0.0285842235855789,-0.0274486832699825,-0.0260982345330729,-0.0245180870148956,-0.0227041114005432,-0.0206545221140524,-0.0183804568382255,-0.0159053522418306,-0.0132630201667979,-0.0104947126530671,-0.00764544918318502,-0.00476031471909271,-0.00188121329681724,0.000955226855849714,0.00371835633380691,0.00638259817052225,0.00892524228355288,0.0113234649785788,0.0135513363485301,0.0155777451896911,0.0173659568782488,0.018875364617907,0.0200655309496945,0.0209020962630006,0.0213637416952689,0.0214489540757779,0.0211812209329358,0.0206114200001218,0.0198164124187563,0.0188935111439131,0.0179512423555184,0.0170972466775687,0.0164251168861878,0.0160019957948048,0.0158589417897608,0.0159855856137779,0.0163301913163252,0.0168051520335677,0.0172971380119007,0.0177445532393782,0.0181473833130338,0.0185056733762444,0.0187866293989069,0.0189474997174368,0.0189953860669636
"Tyrosine",-0.0100557157379319,-0.0100566678324224,-0.0100595297454588,-0.0100642975836659,-0.010087419406921,-0.0101453399489328,-0.0102380509827998,-0.0103655558259696,-0.0105278633461858,-0.0107249567799238,-0.0109657323647776,-0.0112590845098047,-0.0116029404847795,-0.0119876890001164,-0.0124057355149229,-0.0128412922710222,-0.0132785671927112,-0.0137003779200546,-0.0140747104369157,-0.0143758855855534,-0.0145930756251483,-0.0147255028871907,-0.0147756848960875,-0.0147525530002481,-0.0146673184114873,-0.0145286769708652,-0.0143382176515114,-0.0140869189580441,-0.0137535151648363,-0.013305183184846,-0.0127006735600924,-0.0118955471447831,-0.0108488373489044,-0.00953016890601498,-0.00792621409304407,-0.00604545658826679,-0.00392038729555264,-0.00160665951563866,0.000820841798614634,0.00327460143540186,0.00566295963990905,0.00789930600657186,0.00991080638730357,0.0116454423129859,0.0130764383794394,0.0142034787550068,0.0150506126569131,0.0156612374510954,0.0160908938512053,0.0163989313441798,0.0166403714297884,0.0168589505807079,0.0170824056377227,0.0173204759508971,0.0175657557125348,0.0177969843492492,0.0180006144261542,0.0181766464702952,0.0183250860739053,0.0184362847440398,0.0184984573520335,0.0185167313775601
"Indolelactic acid",-0.00581872887778639,-0.00581215868259282,-0.00579244913714008,-0.00575960382364971,-0.00572230997437384,-0.00568926486197217,-0.00566046277647279,-0.00563590156470609,-0.00561559037152906,-0.0055995211599104,-0.00559389207523759,-0.00560490072403255,-0.00563031736961578,-0.00566157833507035,-0.00569233916097317,-0.00571101409075564,-0.00570601775277574,-0.00566686315961508,-0.00557557390430923,-0.00542124897945708,-0.00520048659673997,-0.00491809029881724,-0.0045859904474339,-0.00421870942711584,-0.00382911418227022,-0.00342443102578003,-0.00300343521581483,-0.00255549388607298,-0.00206178560510151,-0.00149852069134053,-0.000841591767935443,-7.17302926747307e-05,0.000820855955584961,0.00183331807906648,0.00294915298281626,0.00413955952725519,0.00536698255625001,0.00659014780369568,0.00776967099172361,0.00887319746144531,0.00987915545442144,0.0107784915365335,0.0115741843543931,0.0122787728943076,0.0129105078000823,0.0134889654909948,0.0140310223868954,0.0145479692187213,0.0150442013812228,0.0155175750049497,0.0159612297791742,0.0163662396810037,0.0167244631857782,0.017030914900806,0.0172852221632261,0.0174919541050427,0.0176546077487376,0.0177731840006223,0.0178476887434077,0.0178854431780399,0.0179002449638778,0.0179035159860262
"3-Hydroxy-kynurenin",-0.0351844944610639,-0.0351588793514314,-0.0350820310565707,-0.0349539520902952,-0.0347692970878918,-0.0345227380787539,-0.0342142651159798,-0.0338438703701439,-0.0334115726762915,-0.0329173584651895,-0.0323707260125573,-0.0317811514820384,-0.031153744469,-0.0304951505999341,-0.0298069353046989,-0.0290826501610086,-0.0283158663785372,-0.027493822984843,-0.0265894251711957,-0.0255737504087047,-0.0244322346518117,-0.0231538664976459,-0.0217201740268231,-0.0201205998076617,-0.0183539565764832,-0.0164292496407346,-0.0143658624566847,-0.0121930371149138,-0.00994871243025682,-0.00767768729424666,-0.00542921289532956,-0.00325402955257265,-0.00120105821840192,0.000686065370015683,0.0023723190615151,0.00383410028520756,0.00506123528616787,0.00605778524253998,0.00684150405113027,0.00744190358727043,0.00789701643440497,0.00824926572592988,0.00854087747388406,0.00880945507550362,0.00908430817614841,0.0093840275542272,0.00971562423377973,0.010075359354942,0.0104510158887934,0.0108252297337994,0.0111793345760969,0.0114970396809064,0.0117673156203254,0.0119861377211978,0.0121568869530686,0.0122894577608008,0.0123902348679985,0.012459209362868,0.012496407209507,0.012509473662369,0.0125116989264999,0.0125114989682455
"Adenosine",-0.00454958048357811,-0.00459829896862379,-0.00474441704913784,-0.00498800187552586,-0.0054148163577591,-0.00611074627873931,-0.0070757538436574,-0.00830986395639026,-0.0098130877040873,-0.0115853853374437,-0.0136294086854691,-0.0159477741417201,-0.0184891094448697,-0.0211268637195063,-0.0237856769160258,-0.0263616758130623,-0.0287509584339514,-0.0308585653357402,-0.0325139842879501,-0.0335931945949516,-0.0340476973139352,-0.0338900607759037,-0.0331696689866816,-0.0319748749068813,-0.0304114073261413,-0.028578365362516,-0.0265463175281584,-0.0243414044288024,-0.0219388767556456,-0.0192673809452142,-0.0162237945069143,-0.0126962664229125,-0.00859166621977464,-0.00386274201150057,0.00146993111482478,0.0073053002791468,0.013461227373975,0.0196868070800269,0.0256863636720632,0.0311519279058044,0.0357998260828633,0.0394059157258153,0.0418344421455141,0.0430561081828902,0.043152738088764,0.0423074578278362,0.0407817829662409,0.0388827441647743,0.0369241900836735,0.0351878322143433,0.0338890494632064,0.0331518992041178,0.0329965300379084,0.0333402584053607,0.0340115212375614,0.0347743334020605,0.0354981893179015,0.0361830948751485,0.0368290607556265,0.0373601557991253,0.0376723446394831,0.0377666008637586
"Inosine",-0.0361676835457721,-0.0361910076930731,-0.036260982336529,-0.0363776135418374,-0.0365421076588807,-0.0367556985525611,-0.0370183671636721,-0.0373301213951576,-0.037690971064816,-0.0381008954959333,-0.0385315031192569,-0.038954368595175,-0.0393391188513062,-0.0396257901284572,-0.0397847603040205,-0.0397909305352947,-0.0396192084023974,-0.0392518884398382,-0.0386579279392073,-0.0378151766413602,-0.0367148331514635,-0.0353572028202378,-0.0337471636903864,-0.0318977332546062,-0.0298291274636227,-0.0275675192949285,-0.0251435928745025,-0.022590877411711,-0.0199441027764441,-0.0172376391548246,-0.0145042534821192,-0.0117742407239878,-0.00907502200683446,-0.00643118713159489,-0.00386480564009381,-0.0013959114524229,0.000957205997960825,0.00317799567080434,0.00525213882881761,0.00716857035012789,0.00892088279798186,0.010508900789088,0.0119400119152768,0.0132299117062892,0.0144023730690012,0.0154877729803938,0.0165203511179876,0.0175344625744393,0.0185600994290343,0.0196183803386489,0.0207177412406816,0.0218513733327275,0.0229965808265887,0.0241162239236898,0.0251623191716407,0.0260813103662738,0.0268457429397329,0.0274556306881933,0.0279109863824306,0.0282099592596658,0.0283619312845931,0.028403941306115
"Guanosine monophosphate",-0.049716897665198,-0.0497206220951192,-0.0497317719753397,-0.0497503832287496,-0.0497805452230163,-0.0498264171700917,-0.0498879731719743,-0.0499652041722822,-0.0500581444211977,-0.0501667651971997,-0.050268558541025,-0.050340990255261,-0.0503514922700032,-0.0502321355502813,-0.0499475387405756,-0.0494641395019167,-0.0487483882371187,-0.0477790637379154,-0.0465227799430036,-0.0449647281556884,-0.0431022992999484,-0.0409481033225358,-0.0385304176536438,-0.0358795791298568,-0.0330202996677684,-0.0299656176230426,-0.0267140599460389,-0.0232508527518497,-0.019553387237678,-0.0155999732807056,-0.011380379164157,-0.00690591769695424,-0.00221698372270297,0.00261380975924134,0.00748396633833673,0.0122688790557001,0.0168341953177091,0.0210507327512172,0.0248096472304287,0.0280353131124467,0.0306937644456594,0.0327954089762586,0.0343916081638128,0.0355658903076532,0.0364213992296443,0.0370667049219402,0.0376022849128292,0.0381098176185778,0.0386454286862996,0.0392375880770544,0.0398892925764328,0.040583454064972,0.0412900156330836,0.04197332247398,0.0425985427507298,0.0431362796579096,0.0435736351766782,0.043910613544689,0.0441472523784671,0.0442904050832152,0.0443581175784592,0.0443758570122692
"Serotonin",-0.0261610360091122,-0.0261323575535225,-0.0260462977808943,-0.0259028824705495,-0.0257142757432498,-0.0254926811755242,-0.0252380893307815,-0.0249504933056355,-0.0246299081785789,-0.0242763241469767,-0.023905423653274,-0.0235328711283021,-0.0231577831513122,-0.0227698705851087,-0.0223597336817175,-0.0219061449382895,-0.0213878963650946,-0.020783930061172,-0.0200571030616851,-0.0191825230678767,-0.0181514083563561,-0.016970759945987,-0.0156597412938133,-0.0142443138915064,-0.0127499433008634,-0.0111945917433276,-0.00958372308187114,-0.00790853859902343,-0.0061481451489526,-0.00427532468776806,-0.00226495457825178,-0.000103324212466085,0.00220351602415958,0.00462426223951479,0.00710104582461509,0.0095528677109822,0.0118835089443518,0.0139926901747314,0.01578873405667,0.017200625498086,0.0181874799552477,0.018743912980978,0.0189005052672678,0.0187194015859849,0.0182859299021042,0.0176976467235063,0.0170525916538465,0.0164385479907043,0.0159245998060853,0.0155559631649578,0.0153523144650393,0.0153092921811569,0.0154023365001015,0.0155920338895026,0.0158299384842707,0.0160641224478008,0.0162684214470466,0.0164428208135798,0.0165873569275265,0.0166934560809855,0.0167516984984806,0.0167686145577972
"4-Trimethylammoniobutanoic acid",-0.00522230800762839,-0.00521735765939638,-0.00520250580276548,-0.00517775204134745,-0.00514420611557565,-0.00510297537255848,-0.00505405516340747,-0.00499744473899489,-0.0049331503950935,-0.00486116547826881,-0.00478140384346861,-0.0046937757773023,-0.00459541888319895,-0.00447949065016942,-0.00434199854287581,-0.00417826713285683,-0.00398362491835047,-0.00375546237004199,-0.00349051023539679,-0.00318963699630309,-0.00285438816472925,-0.00248994416779339,-0.0021072305426584,-0.00171707987895537,-0.00132774137747272,-0.000942620313512032,-0.00055871238785633,-0.000166108305997061,0.000251238602597148,0.000713536714019037,0.00124222165587678,0.0018565459986613,0.00257022318284694,0.00338870265800848,0.00430752920354525,0.00531205650439454,0.00637859107955733,0.00747675455171578,0.00857270543175663,0.00963271710448546,0.0106265809281785,0.0115303564050897,0.0123281393812723,0.0130126866081626,0.0135849353677072,0.0140526194919491,0.0144282868339834,0.014727113848445,0.014964820357645,0.0151559579057401,0.0153127649221058,0.0154445799991418,0.0155577769108617,0.0156560961506276,0.0157412322112229,0.0158134978306869,0.0158727890953444,0.015919105505758,0.0159524560334529,0.0159733956236849,0.0159837035100892,0.0159864936799838
"Normetanephrine",-0.0303407936801925,-0.0303186228516162,-0.0302521192070169,-0.0301412712748575,-0.0299864999256981,-0.0297882108804509,-0.0295463935051295,-0.0292610475299739,-0.0289321853325208,-0.0285597930389694,-0.0281485107645226,-0.0277029644230423,-0.0272197974843423,-0.0266883817835547,-0.0261014411216546,-0.0254472968322646,-0.024714286701509,-0.0238937052751441,-0.0229724605485992,-0.0219472156803017,-0.0208190597701952,-0.0195996406635288,-0.0183151366892618,-0.0169948019592817,-0.0156654150625722,-0.0143460272653408,-0.0130441076492179,-0.0117539185765628,-0.0104575406558726,-0.00912835649086298,-0.00773636490378597,-0.00625421171485154,-0.00466277938894988,-0.00295519934608088,-0.00113849296889873,0.000767377854169428,0.0027329190263984,0.0047240907982423,0.00670787477364917,0.00865727101302408,0.0105546899508554,0.0123931279512263,0.0141749662679583,0.0159087883482455,0.0176049733126367,0.0192711089100814,0.0209082269903858,0.0225087477747118,0.0240565005736101,0.0255287241155721,0.026899769803564,0.0281454457018521,0.0292472346267541,0.0301954729723883,0.0309910438570517,0.0316453137784705,0.0321664752937811,0.0325545299395898,0.032809499157794,0.0329493528124149,0.0330096962446873,0.0330243781796654
