metabolites,sum,group,QC1,QC2,QC3,QC4,QC5,QC6,QC7,QC8,QC9,QC10,QC11,QC12,QC13
Acetoacetate,0,NEG,4.864388168,4.985118847,3.49830366,4.978775809,4.880693019,4.950780466,5.196981429,5.199881306,5.065338551,4.897350908,5.159145243,5.149570178,5.135299035
X4.Aminobutanoate,0,NEG,3.389251694,3.021396057,3.447289851,3.866356289,3.585612988,3.544065935,2.844766919,3.02125816,3.322288259,2.845521891,3.021189299,3.021189299,2.844766919
Malonate,0,NEG,5.672896443,5.623282757,5.802910024,5.860128618,5.871006118,5.870108204,5.803035072,5.807069973,5.801714049,5.752374525,5.863809037,5.932587288,5.649634016
X.R..3.Hydroxybutyric.acid,0,NEG,6.994832386,6.993109834,7.138344304,7.168358715,7.189860818,7.152194353,7.105766205,7.121307776,7.127961893,7.121790912,7.171884811,7.292165098,6.984344789
Uracil,0,NEG,4.19256723,3.95075783,4.343503783,4.458075311,4.52643686,4.311350278,4.276514261,4.251808109,4.370345622,4.006663548,4.383032815,4.379881342,4.268393849
Maleic.Acid,0,NEG,3.690320146,4.655006185,4.947652356,4.771159461,4.801046804,4.681239432,4.729171997,4.100562954,4.644727088,4.736285743,4.238991446,4.167711138,4.552935316
N.AcetylGlycine,0,NEG,5.030110302,5.054891081,5.256702448,5.204349333,5.257130046,5.135454368,5.047481677,5.093435985,5.230179124,5.398362052,5.162851128,5.329053524,5.035738638
Guanidinoacetate,0,NEG,5.065406489,5.094498059,5.209413088,5.265330571,5.268617408,5.232325033,5.19461726,5.203265865,5.206113646,5.163408817,5.206630964,5.37816209,5.0789548
X2.Hydroxyisovaleric.Acid,0,NEG,6.922063638,6.928682877,7.075947056,7.181920919,7.021232947,6.944622595,6.844188427,6.901683649,6.932200559,6.96826825,6.974908936,7.092550795,6.952158686
Succinate,0,NEG,6.0689927,6.103792803,6.421159716,6.494859672,6.465658151,6.414231406,6.358300476,6.359564051,6.376054503,6.348406186,6.440258305,6.557235236,6.053823539
Methylmalonate,0,NEG,5.916273709,5.809827468,6.00502645,6.074328697,6.139850993,6.111914071,5.993373345,6.126529966,6.183824082,6.167889636,6.187901058,6.306349854,5.957257643
Benzoic.acid,0,NEG,5.628486305,4.063055502,4.021777039,5.838481741,5.757752445,5.777456276,5.670006539,5.707056604,5.708061059,5.724727257,5.738894843,5.733171865,5.662518092
X4.Methyl.2.oxopentanoate,1,NEG,3.623444007,3.774676312,4.300109413,4.367100824,3.720228247,4.157078855,4.08816858,3.822954428,3.585513349,4.135100547,4.21644396,4.383060689,NA
X.R..2.Hydroxyisocaproate,0,NEG,5.992311065,5.986838301,6.107435862,6.176323637,6.105125498,6.052961615,5.962000363,6.00705148,6.016998187,6.019584391,6.043329449,6.174092078,5.990118346
Glutarate,0,NEG,5.161806888,5.111898239,4.745551781,4.531100488,5.32435495,5.254915037,5.191713133,5.266188369,5.341697937,5.322556973,5.37115692,5.503131458,5.210829648
X.S..Malate,0,NEG,4.996077261,5.057554508,5.507520116,5.565117398,6.280873449,6.598980303,6.212508822,6.286886832,6.575362379,6.450700317,6.690894418,6.960756706,5.669327184
Adenine,0,NEG,3.389408247,3.690237425,3.498379484,3.77471644,3.322253727,2.844766919,3.585456951,3.419326474,2.845315133,3.021189299,3.322322686,3.357148405,3.146019448
Hypoxanthine,0,NEG,5.659522271,5.656342594,4.049343388,5.873543371,3.748173796,5.786266298,5.676336912,5.711337025,5.749406266,3.243207639,5.810500553,5.877185447,5.67474072
Adipate,0,NEG,4.81955196,3.146019448,4.473642916,4.565412734,4.363854779,4.557027336,4.646306185,4.654787038,4.336585471,4.256071415,4.021299596,4.146381838,4.826360844
X.R..Mevalonate,0,NEG,4.46845959,4.075358915,3.565375503,4.035578834,3.822795522,4.021157574,4.207038952,4.062763072,4.370274023,4.106444751,4.243247303,4.567408901,3.498402435
Xanthine,0,NEG,5.566578148,5.592788995,5.677993256,5.711286311,5.793451105,5.655072079,5.438118646,5.537808747,5.562288454,5.658994491,5.633456615,5.731095484,5.567611575
Dopamine,6,NEG,3.924429634,3.734427761,3.498570157,4.075835215,3.799596708,4.292381987,3.799661016,NA,NA,NA,NA,NA,NA
Orotate,0,NEG,5.34225995,4.389413925,5.570529294,5.651647778,3.690433858,5.769564983,3.322219295,5.639264347,5.662341893,5.609625411,5.746397669,5.883375667,4.389354262
L.2.Aminoadipate,0,NEG,4.612407139,4.028541099,4.714536679,4.897462685,4.964137636,4.9707074,4.896391541,4.902180565,4.922607402,4.708553178,5.022781755,5.118872997,3.905967595
Phenylpyruvate,0,NEG,4.892506714,4.855938916,4.913423265,4.869496817,5.076354509,4.898306003,4.810185405,4.917120597,4.851717595,4.929809965,4.917144775,5.090792821,4.786016758
Phosphoenolpyruvic.Acid,0,NEG,3.14644852,3.021189299,4.04253911,4.100641636,4.430742995,3.021396057,4.146340509,4.315008031,4.225507009,4.340100093,4.322405061,4.710073849,3.243331657
Homogentisate,0,NEG,3.641199714,4.206837542,3.623226851,4.100605466,4.26019029,3.543935626,4.135289589,4.146261933,3.799384769,4.182563234,4.386186295,4.192584415,4.276426554
Urate,0,NEG,6.666054124,6.696002229,6.815658166,6.959483118,6.919571435,6.897353117,6.721405262,6.754769433,6.77954239,6.757395646,6.795068065,6.912432094,6.674729628
Glycerone.phosphate..Dihydroxyacetone.phosphate.,0,NEG,3.242864296,3.845332744,4.260146548,4.444567962,4.035595159,4.357106746,4.276570169,4.468457124,4.336567794,4.056146422,4.45799411,4.52420188,3.959243412
D.Glyceraldehyde.3.phosphate,0,NEG,3.021189299,3.521927729,4.444627515,4.498409127,3.197563102,4.401520024,4.315015559,4.680887098,4.292348759,4.197410606,4.512707751,4.539849878,4.021258222
Shikimate,0,NEG,3.389476273,3.623404368,4.100553789,4.075683797,3.14644852,3.146551886,3.021396057,3.942257019,3.322539831,4.112441893,3.021396057,3.822896742,4.129732611
L.Citrulline,0,NEG,6.918587526,6.84755097,7.042846594,7.107534188,7.09657657,7.035095165,6.924627,7.017019133,6.991126039,6.968033849,6.987273399,7.173795409,6.850276881
Hippurate,0,NEG,5.880323303,5.775452395,6.062167748,6.159675217,6.110531413,6.112807292,6.002182768,6.032042883,6.077610475,6.048498844,6.07601897,6.2107443,5.827342802
myo.Inositol,0,NEG,5.709580505,4.329509409,5.818598376,5.974866268,5.928356478,5.81723349,5.767316265,5.851290803,5.818187818,5.827043759,5.840700866,6.049044904,5.657476798
beta.D.Glucose.L.Galactose,0,NEG,7.213371153,7.205828,7.338890571,7.206426663,7.222703415,7.229127903,7.224159178,7.317720044,7.313413463,7.234185777,7.34400802,7.557985194,7.243814479
X4.Hydroxyphenylpyruvate,0,NEG,4.67450383,4.552811753,4.742866352,4.663130768,4.945625811,4.855963837,4.75371007,4.579639678,4.693341561,4.707048288,4.825271929,4.87761838,3.776651983
X4.Pyridoxate,0,NEG,5.375843065,5.340173534,5.559335052,5.720134921,5.760122252,5.684935053,5.547384215,5.619984013,5.719680042,5.636268079,5.68858388,5.889800938,5.347053139
X2.3.Phosphoglyceric.acid,0,NEG,3.585631763,3.021189299,4.049311076,3.623335417,4.035489114,3.658242036,3.021189299,3.389222184,3.991539164,3.389290151,3.748564033,4.300065889,3.243331657
Azelaic.acid,0,NEG,4.874653913,4.68879315,4.933394494,5.117148971,5.070620439,5.052075858,5.460336074,4.99756492,5.063479347,5.061447659,4.954177778,5.130234114,4.723184268
X4.Hydroxy.2.quinolinecarboxylic.acid,0,NEG,4.452609472,4.386111763,4.699519187,4.847409882,5.03835566,4.940413223,4.788439961,4.894409811,4.71740087,4.733142549,5.036982424,5.152201082,4.761629316
D.Glucuronate,0,NEG,5.69568617,6.01352208,6.143913087,6.260719344,6.331784419,6.274530044,6.086360255,6.223713678,6.331596959,6.287614615,6.288760296,6.520232786,5.897292583
X3.Indoxyl.Sulfate,0,NEG,5.586037086,5.623832278,5.771446051,5.857134961,5.848561338,5.782546729,5.694430229,5.74132761,5.771295474,5.752655189,5.82295745,5.899777958,5.612159119
Pantothenate,0,NEG,5.984523788,5.864055253,6.172454761,6.388176139,6.264715756,6.104768029,5.864732529,5.999580702,6.071895013,6.014206759,6.081152524,6.332930076,5.968667589
L.Cystathionine,0,NEG,2.844663528,3.447393262,3.146019448,3.544237572,3.544086595,3.389192673,3.658078206,3.585594212,3.242905631,3.690193111,3.146071108,3.44734156,2.844766919
X3.Nitrotyrosine,0,NEG,4.521969263,4.135273703,4.902176384,5.095721381,5.073330147,4.926398171,4.552848247,4.768265614,4.90503611,4.738786593,4.868601659,5.079592679,4.395479889
Tetradecanoic.acid,0,NEG,4.53988308,4.075671648,4.581636453,4.674527111,4.702582466,4.533203947,4.40152863,4.292411171,4.41923298,4.389320887,4.32233751,4.280579326,4.264385095
D.Ribose.5.phosphate,0,NEG,3.322105536,3.322139977,3.242816626,3.021396057,3.021692376,2.844870286,3.145796915,3.021189299,3.243029735,3.447049444,3.088446188,3.243468035,3.389133555
Biotin,0,NEG,6.04739482,3.021189299,6.153248567,6.234936521,6.224099639,6.106834073,6.021989872,6.069455213,6.153145462,6.149233902,6.174064551,6.299778813,6.044246422
Pyridoxal.phosphate,13,NEG,NA,NA,NA,NA,NA,NA,NA,NA,NA,NA,NA,NA,NA
F6P.F1P,1,NEG,3.544086657,3.284470213,3.357075218,3.02125816,3.959245797,3.74819966,4.123870678,3.56562064,3.906035917,3.623495683,4.062844512,4.094461538,NA
G6P,1,NEG,3.855934898,4.77647809,5.151782635,5.525212926,4.974015459,4.705600906,4.216326047,4.957528132,5.078275421,5.15384744,4.836455255,5.026393937,NA
Heptadecanoic.acid,0,NEG,4.552791066,4.577595197,4.693446281,4.72317386,4.616084115,4.597322717,4.526439871,4.478745868,4.430775218,4.517329651,4.589534283,4.661499246,4.535458703
Linoleate,0,NEG,4.864412514,4.895486243,4.972464556,5.149612559,5.014092853,5.019963172,4.924501495,4.916274477,5.031485673,4.870661801,4.937003894,5.059550747,5.028558876
Linolenate,0,NEG,6.237519156,6.227766071,6.38772284,6.422859517,6.395819858,6.307927278,6.224096478,6.310963761,6.31204235,6.273566939,6.319255705,6.476518163,6.246334417
Xanthosine,0,NEG,3.799504826,3.021327217,3.942051058,4.07568989,4.035551144,3.146019448,3.020823717,3.866418317,4.042558798,4.100510135,4.123989858,4.135310803,3.748264293
L.Argininosuccinate,0,NEG,4.292309059,4.062696672,4.100466476,4.561235201,4.644479279,4.425047878,4.300220053,4.376819912,4.395416528,4.430636911,4.4887622,4.167451015,4.97082271
X13.S..HODE,0,NEG,4.69498224,4.702580454,4.85813994,4.849669396,4.866472265,4.892580248,4.680956306,4.825316748,4.816107699,4.82299621,4.848570857,4.927241498,4.731743593
Arachidonate,0,NEG,6.113599245,6.141916719,6.225857365,6.283754673,6.292717538,6.221071208,6.095657176,6.144810352,6.215149272,6.226159242,6.232448054,6.30100135,6.093949803
dCMP,2,NEG,3.021327217,2.844766919,3.020892637,3.242947085,3.020892637,2.844663528,3.322253727,3.389163071,2.844663528,3.242946961,NA,2.844663528,NA
Glutathione,6,NEG,2.844766919,3.243207639,3.623209633,3.74826817,3.623369894,3.748212572,3.322139977,NA,NA,NA,NA,NA,NA
N.Acetyl.beta.neuraminate,0,NEG,5.07191058,5.002175523,5.178840242,5.302581757,5.325457757,5.232787833,5.053475609,5.137110849,5.177887536,5.245157415,5.256195435,5.494698671,5.02570503
X12.S..HETE,0,NEG,3.021189299,2.844766919,3.242864296,3.389192673,3.498425454,3.322322686,3.242988412,3.498425454,2.844870286,3.322391634,3.146122762,3.242905631,2.844766919
dTMP,2,NEG,NA,3.544258286,3.021189299,3.322574237,3.021396057,3.623318255,NA,3.021189299,2.845315133,3.021327217,3.14644852,3.32235711,2.845315133
CMP,2,NEG,3.021189299,NA,3.146174565,3.146071108,3.38900643,3.389065565,2.844766919,3.020823717,2.844766919,3.322322686,2.844663528,3.021396057,NA
G16BP,0,NEG,3.021761157,4.08825071,3.322219295,3.322391634,4.006661409,2.845521891,2.844766919,4.006566582,4.135249307,3.983600378,4.006706335,4.430729835,3.021189299
F16BP.F26BP,0,NEG,3.021327217,2.844766919,3.020823717,3.322505318,3.146071108,3.146019448,2.844663528,3.02125816,3.021327217,3.44734156,3.242946961,3.14644852,2.844663528
Lactose,0,NEG,4.661500667,4.81140006,4.955043112,4.96423136,5.079529,5.801531258,5.666335285,5.518583585,5.840170612,5.537165447,5.591183681,5.871068531,4.589523667
Sucrose,0,NEG,4.561230627,4.668094758,5.002899337,5.043959878,5.048760497,5.740853511,5.606531328,5.510723762,5.883959547,5.77269239,5.920499856,6.062278554,4.577638849
X3..5..Cyclic.GMP,1,NEG,3.146345129,2.844766919,3.447127009,3.322288259,3.242905631,3.02125816,3.021327217,3.146071108,3.146174565,2.844766919,3.322426052,3.544169347,NA
Gibberellin.A3,0,NEG,3.197425299,3.021327217,3.197852485,3.146774033,3.322322686,3.522173595,3.799397969,3.748423219,3.447426823,3.021692376,3.419243781,3.021189299,3.197806494
AMP,0,NEG,4.641068545,4.544237814,4.970768428,5.077002286,5.002940602,3.020892637,4.896389614,4.753732918,4.990622199,4.851725737,4.98197483,5.05623749,4.68410806
IMP,0,NEG,4.135217482,3.242946961,4.548472135,4.581627531,4.493575852,3.498257677,3.544127973,3.585612988,4.424995371,4.234388609,4.565336118,4.512667063,2.844870286
Prostaglandin.E2,1,NEG,NA,3.243248941,3.02125816,3.021189299,3.389192673,3.021327217,3.322070989,2.844663528,3.020892637,3.389349247,3.14644852,3.146122917,3.145796915
Orotidine.5..phosphate,1,NEG,4.021329223,3.761654139,3.521949469,4.45004951,4.322345439,3.975485414,3.146551886,3.544388497,4.21629658,3.322391634,3.322219295,3.473585496,NA
S.Adenosylhomocysteine,0,NEG,3.991404787,3.942114752,4.021306481,4.167401039,4.167278409,4.197315934,4.135256193,3.991345712,4.177659124,4.075627244,4.146234022,4.395418721,3.845233488
X5.Phospho.alpha.D.ribose.1.diphosphate,13,NEG,NA,NA,NA,NA,NA,NA,NA,NA,NA,NA,NA,NA,NA
UDP,1,NEG,3.544107315,3.543997683,3.447778164,3.565358785,3.242946961,3.991360487,3.748238433,3.845188984,3.543977019,3.690286165,4.100384315,3.845267599,NA
ADP,0,NEG,4.389256196,4.407535659,4.889597818,5.008131432,5.090797636,5.114810177,4.94219689,4.954153077,4.905930105,4.914375215,5.09204454,5.060125023,3.62340442
Folate,5,NEG,3.020823717,2.844766919,3.243207639,3.146174565,NA,NA,3.02125816,2.844766919,NA,3.020823717,NA,2.844870286,NA
GDP,0,NEG,3.389065565,3.389192673,2.844766919,3.322288156,3.690300918,3.242905631,3.658041653,3.322322686,3.021327217,3.322288259,3.44734156,3.748277203,3.322322686
Dihydrofolate,13,NEG,NA,NA,NA,NA,NA,NA,NA,NA,NA,NA,NA,NA,NA
Tetrahydrofolate,12,NEG,NA,NA,NA,NA,NA,NA,NA,NA,NA,NA,2.844663528,NA,NA
X5.Methyltetrahydrofolate,2,NEG,NA,NA,2.844870286,3.585656231,2.844766919,3.243207639,3.322391634,2.844766919,2.844663528,2.844766919,3.146174565,2.844663528,3.243207639
Glycocholate,0,NEG,5.60575155,5.335300503,5.602155615,5.958326068,5.94102457,5.893814422,5.497673622,5.614511249,5.548346135,5.562138885,5.685715936,6.114354143,5.535541034
ATP,1,NEG,3.243207639,3.021327217,3.146174565,3.498333509,3.088446188,4.888625515,4.788519371,3.447015777,3.243248941,4.80662863,5.03208522,4.772080783,NA
Taurocholate,0,NEG,3.585513349,3.242905631,4.234423644,4.300147863,3.544148692,4.357105315,4.197395431,4.322280298,4.192539814,4.234356532,3.998924137,4.264481374,3.146174565
GTP,8,NEG,NA,NA,3.02125816,2.844766919,NA,3.021189299,NA,NA,NA,3.02125816,NA,3.021396057,NA
Glutathione.disulfide,0,NEG,3.924311159,4.021164461,4.350372414,4.363688116,4.363773645,4.350401497,3.942199944,4.243121177,4.31503362,4.300090198,4.187601086,4.452680453,3.924356832
NAD.,0,NEG,4.544201836,4.419266068,4.557146178,4.425071558,4.601116918,4.687217919,4.616070265,4.641175252,4.634124633,4.630569908,4.764357119,4.740149193,4.419226637
NADH,5,NEG,NA,NA,3.020892637,2.844766919,2.844663528,2.844766919,NA,NA,NA,3.146122917,3.146551886,2.844766919,2.844766919
NADP.,12,NEG,NA,NA,NA,NA,NA,NA,NA,NA,NA,NA,3.322426052,NA,NA
NADPH,12,NEG,NA,NA,NA,NA,NA,NA,NA,NA,NA,NA,2.844766919,NA,NA
L.Lactate,0,NEG,6.607355154,6.612861441,6.826452289,6.881424059,6.852980607,6.825928233,6.855119404,6.864252116,6.808499782,6.800465653,6.894331081,7.011174963,6.600020007
Fumarate,0,NEG,5.01037705,5.106588365,5.143027524,5.154442443,5.510530072,5.618189023,5.473777512,5.477847671,5.688202842,5.614136285,5.727248996,5.943799824,5.092019015
X2.Methylmaleate,0,NEG,5.704799274,5.773147857,5.859864116,5.890018093,5.977532101,5.838192934,5.86345486,5.852786091,5.890434515,5.861551272,5.874894477,6.064545126,5.656914651
Allantoin,0,NEG,5.155968611,5.139693743,5.422224183,5.565432186,5.559331505,5.487323808,5.360521057,5.463472736,5.462327441,5.332786296,5.637211915,5.682518507,5.229107374
cis.Aconitate,0,NEG,4.612430992,4.573598315,4.967665746,4.977295964,5.022963164,4.929049754,4.832081667,4.888665775,4.917356001,4.914444385,4.89649777,5.085426955,4.376699518
Monodehydroascorbate,10,NEG,3.02125816,NA,3.243331657,NA,NA,NA,NA,NA,NA,NA,NA,NA,3.02125816
Citrate,0,NEG,6.029611351,3.886407976,7.688203123,7.819129434,7.846624652,7.581418331,7.598574751,7.682996032,7.757201929,7.679095873,7.721265444,7.943592043,7.565929332
Glycochenodeoxycholate,0,NEG,5.608347982,5.837141623,4.401665035,5.7951388,6.109518533,6.052648934,5.957671419,5.984070973,5.591223694,5.912666858,5.845106709,6.080473643,5.379793909
Malondialdehyde,0,NEG,4.943915187,3.389104038,5.199881621,5.280662887,5.27183126,5.253958387,5.098140355,5.141935551,5.221866602,5.180258548,5.245369333,5.405247215,3.389192673
X2.Methylpropanoate,0,NEG,5.199842781,3.447101182,5.309185872,5.397987514,5.365782741,5.263577744,5.27665308,5.340489796,5.41990339,5.263605699,5.389975971,5.48508046,5.186201091
Glyceric.acid,0,NEG,5.435495434,5.434455214,5.567045337,5.674957447,5.710607358,5.57548105,5.55579018,5.633447317,5.612282195,5.580576008,5.586755147,5.745707721,5.441630157
X2.Oxoisovalerate,0,NEG,3.389192673,3.623352682,4.216387204,3.734350987,3.748452943,3.322643145,3.748281119,3.77468846,3.822839017,4.135312393,4.247452574,4.157010276,3.54423137
D.Erythrose,10,NEG,3.146722302,3.498524202,3.447289851,NA,NA,NA,NA,NA,NA,NA,NA,NA,NA
MethylSuccinate,0,NEG,4.98589761,4.918933134,5.114789699,5.18124845,5.180755994,5.105947716,4.948208704,4.994441371,5.056787292,4.999840567,5.019908606,5.221845205,4.970715768
Oxalacetate,0,NEG,4.797029667,4.619779219,4.871585062,4.920830066,4.844162848,4.793427929,4.699549986,4.760380839,4.738696017,4.733149843,4.834239979,4.90403356,4.603022434
X3.Ureidopropionate,11,NEG,NA,NA,2.844663528,NA,NA,NA,NA,NA,NA,NA,NA,2.844766919,NA
X2.Oxoglutarate,0,NEG,3.243124899,3.845298607,3.243248941,6.274823079,6.26077529,6.255642602,6.081590196,6.153235805,6.132373108,6.081092583,4.483646718,6.366159881,6.053457752
X2.Hydroxyglutarate,0,NEG,6.050344495,6.012622874,5.799223108,5.989195064,6.260815118,6.384276809,6.146288523,6.197323246,6.251611256,6.192463437,6.267165488,6.49842421,6.102858474
beta.D.Fructose,0,NEG,6.915548222,7.206812071,7.240797252,7.285057022,7.264428444,7.398372462,7.378901605,7.396305279,7.291480982,7.293548008,7.241245941,7.498885381,7.19041275
G1P,0,NEG,3.690300963,3.604969982,5.005838935,4.942998652,4.268535079,4.25180344,4.311335084,3.720315084,4.8633016,3.690374813,4.413399531,4.407443306,4.404503305
dUMP,13,NEG,NA,NA,NA,NA,NA,NA,NA,NA,NA,NA,NA,NA,NA
Polyprenyl.diphosphate,0,NEG,4.935156141,4.991351662,5.678815224,5.797826737,5.453355241,5.317019699,5.279067297,5.404092354,5.583074914,5.451750018,5.429711806,5.676078784,4.816030964
dCDP,13,NEG,NA,NA,NA,NA,NA,NA,NA,NA,NA,NA,NA,NA,NA
Chenodeoxycholate,13,NEG,NA,NA,NA,NA,NA,NA,NA,NA,NA,NA,NA,NA,NA
N6..1.2.Dicarboxyethyl..AMP,0,NEG,4.284559311,3.991426935,4.383014845,4.894478818,4.234331226,4.26017557,3.774704292,3.991269658,3.866378915,3.924434364,3.959087516,4.647992423,4.167517227
dUTP,12,NEG,NA,NA,NA,NA,NA,NA,NA,NA,NA,NA,NA,NA,3.146174565
X2.Hydroxyisobutyrate,13,NEG,NA,NA,NA,NA,NA,NA,NA,NA,NA,NA,NA,NA,NA
sn.Glycerol.3.phosphate,0,NEG,3.975620215,4.146222128,4.088293842,4.256064599,4.395492398,4.20700479,3.959127288,3.866336586,4.112330666,3.585612988,3.905931623,4.401503941,4.075744612
Glyceraldehyde,0,NEG,3.146226206,4.25186729,3.498524202,3.748212572,3.447367373,3.623318203,3.146226206,4.425070457,3.565578307,3.544154895,3.658474127,3.322219295,3.197517219
Pyruvate,0,NEG,5.862675195,5.935414398,6.041647313,6.131242257,6.106251717,6.07382916,6.049329979,6.096958588,6.139594162,6.069560166,6.10910934,6.220232739,5.909663083
Oxalate,10,NEG,NA,NA,NA,NA,NA,NA,NA,4.740196339,3.942188359,NA,4.801984929,NA,NA
X3.Methylbutanoic.acid,12,NEG,NA,NA,NA,NA,NA,NA,NA,NA,NA,NA,3.389290151,NA,NA
X3.Methyl.2.oxopentanoate,0,NEG,4.872557836,4.969092023,5.131394852,5.147915885,5.201279215,5.185728663,5.018412128,5.041118571,5.158093508,5.033477178,5.139726995,5.351105779,4.810185241
Quinolinate,13,NEG,NA,NA,NA,NA,NA,NA,NA,NA,NA,NA,NA,NA,NA
Isocitrate,0,NEG,5.654780925,5.893935629,5.972327232,6.085806611,3.021623377,3.197760636,3.322288259,6.210954979,6.25923856,6.210608201,6.44140852,6.545343423,5.85309907
Homovanillate,0,NEG,4.379908505,4.042505303,4.013916328,4.460574489,4.51503326,3.959022684,3.905794073,4.5173467,4.006509534,4.12394551,3.498517311,4.187649495,3.822965331
Trimethylamine,0,POS,5.982625514,6.034260082,6.247091995,6.182383449,6.284303298,2.949145952,6.104137882,6.227270166,6.194235477,6.158857412,6.291414665,6.443096479,6.032215715
L.Glycine,0,POS,5.773186628,5.812815371,5.909819617,5.921853927,6.056667524,6.005025858,5.877912424,5.964166292,5.975811271,5.978709651,6.021246633,6.151259442,5.831631966
Trimethylamine.N.oxide,0,POS,5.721806897,5.531719261,4.144398384,5.448205801,5.31618665,5.003966946,4.937901096,5.252502064,5.359511941,5.49692986,5.341242434,5.41063138,5.660888971
Putrescine,12,POS,NA,NA,NA,NA,4.564050699,NA,NA,NA,NA,NA,NA,NA,NA
Sarcosine,0,POS,5.245231787,5.309441315,5.477754757,5.40823751,5.511819629,5.433023395,5.23828924,5.441638219,5.424467425,3.317490858,5.459984883,5.613722039,5.23596649
L.Alanine,0,POS,6.864583436,6.879938435,7.053152932,7.064349746,7.125392062,7.067822658,6.957903202,7.087546799,7.049440969,7.038388653,7.112739804,7.289014277,6.862017341
Cadaverine,0,POS,2.949390007,3.171065004,3.426511261,3.426511261,3.317269919,3.648278659,3.250338625,3.426484178,3.250379377,3.426511261,3.426484178,3.93459757,3.317421128
X3.Aminoisobutyric.acid,0,POS,4.615312096,4.074350457,4.052003793,4.171193758,4.243021992,2.772864236,4.105587057,4.243108845,4.134988913,4.134972999,4.179749634,4.204638465,3.949316805
Choline,0,POS,6.466632807,6.470247188,6.559949417,6.572238508,6.592911489,6.512791382,6.373634312,6.527857941,6.511859871,6.489603124,6.569582165,6.785467124,6.402637616
Dimethylglycine,0,POS,5.973863264,5.727682732,5.834462544,5.769239858,5.918654229,5.864688207,5.766341958,5.767584088,5.783800602,5.781050681,5.822074218,5.95080786,5.784726488
L.Serine,0,POS,6.723867635,6.752071217,6.884817817,6.895014596,6.969418348,6.90682298,6.772903337,6.918115567,6.876786027,6.907467172,6.961406341,7.102276075,6.714187385
Hypotaurine,13,POS,NA,NA,NA,NA,NA,NA,NA,NA,NA,NA,NA,NA,NA
Histamine,13,POS,NA,NA,NA,NA,NA,NA,NA,NA,NA,NA,NA,NA,NA
Cytosine,3,POS,NA,NA,4.148922444,NA,4.416771541,3.676010407,4.261125408,4.416650333,4.28849228,4.074328133,4.235791784,4.298261761,3.551449998
Creatinine,0,POS,7.159911847,7.149368594,7.299190165,7.258458628,7.474472851,7.398236648,7.225323067,7.40078175,7.365081318,7.323697744,7.439245163,7.543968315,7.138443073
L.Proline,0,POS,7.542509223,7.517809453,7.66373154,7.639707686,7.768408987,7.685919687,7.546068646,7.671499767,7.661254624,7.607514096,7.69721553,7.8434488,7.50038864
X5.Aminopentanoic.acid,0,POS,6.700341731,4.491455708,4.757873634,4.618416797,4.816725772,4.92558182,4.835873751,4.569296877,4.569147163,4.551393121,4.673632702,5.023763278,4.509591244
Betaine,0,POS,6.143580691,6.16344224,6.116852177,6.176468314,6.212704283,3.676417676,3.739463955,6.178161936,6.161991138,3.794550084,6.260615711,6.427637474,6.061410455
L.Valine,0,POS,5.067809182,6.397191054,6.387906516,6.331489594,6.42550083,6.386452505,6.301399381,6.27648143,6.271575074,6.249434908,6.339365475,6.473856047,5.132267796
Indole,4,POS,3.493520089,NA,3.493225436,3.250420002,3.852452849,NA,NA,NA,3.317304745,3.834008469,3.715328578,3.861333107,3.750798111
L.Homoserine,0,POS,6.6157137,6.650713966,6.913575437,6.887408957,7.022056643,6.958897215,6.822346196,6.96464869,6.979403636,6.946510498,7.021212322,7.174977815,6.667653887
L.Threonine,0,POS,6.759597623,6.749592671,6.969907755,6.947313932,7.0775932,7.018042284,6.888481656,7.019996019,7.010367306,6.975947286,7.047228252,7.190029066,6.751940082
L.Cysteine,3,POS,NA,NA,3.317490858,3.586241363,2.949227238,3.317269919,3.170918529,2.949390007,3.171065004,NA,2.949308752,3.618137039,3.375250152
Nicotinamide,0,POS,4.762328887,4.798600968,5.049856023,5.015824531,5.048680852,4.988871601,4.900432672,5.148173384,5.028081299,4.92411901,5.086238585,5.205608983,4.764533882
Nicotinate,13,POS,NA,NA,NA,NA,NA,NA,NA,NA,NA,NA,NA,NA,NA
Taurine,0,POS,5.705093466,5.824031486,6.150446311,6.130778703,6.231174403,6.137508454,6.007947682,6.131891224,6.16367897,6.14904967,6.240569579,6.36748192,5.7690079
X5.Oxoproline,0,POS,4.095514208,4.323433548,4.235626165,4.250345422,4.489294577,4.329574145,3.934622813,4.228040852,4.323439271,4.317324615,4.369861557,4.298253303,4.204588673
L.Pipecolate,0,POS,5.530661873,5.546158509,5.740750798,5.687857766,5.884097095,5.772512062,5.593345987,5.797039209,5.724451272,5.678530571,5.827511065,5.94962532,5.514923144
Agmatine,13,POS,NA,NA,NA,NA,NA,NA,NA,NA,NA,NA,NA,NA,NA
N.Acetylputrescine,0,POS,4.648322079,4.505713686,4.87623555,4.673653129,4.992078552,4.956578875,4.762282136,4.914733503,4.839615429,4.754431517,4.986801151,5.091367314,4.551473816
Ethyl.4.aminobutyrate,10,POS,3.074098238,NA,NA,2.949390007,3.170820949,NA,NA,NA,NA,NA,NA,NA,NA
Creatine,0,POS,6.576210015,6.577653617,6.719801359,6.726123048,2.949227238,6.760209905,6.59542267,6.748034794,6.747973881,6.758358809,6.82201044,6.976847676,6.561840212
Hydroxyproline,0,POS,5.998384762,6.052374394,6.199123696,6.205493309,3.212670921,6.323634486,6.134748963,6.270073186,6.243393381,6.30028955,6.366487019,6.466972458,6.004922683
X5.Aminolevulinate,0,POS,5.050407926,5.334490915,5.146425794,5.098878949,5.296648688,5.225286918,5.029829427,5.182599904,5.214841883,5.194262539,5.236669589,5.403639335,3.602693003
L.Isoleucine,0,POS,7.424927147,7.402813209,7.588797348,7.552639445,7.712194281,7.607655149,7.492053505,7.665295427,7.613731373,7.549996966,7.67361397,7.812751133,7.42526397
L.Leucine,0,POS,7.060668003,7.074223477,7.099270372,7.112635251,7.174817864,7.137876258,6.9734748,7.165481274,7.053218265,7.009132317,7.155950318,7.330769505,7.05660681
L.Ornithine,0,POS,6.53080289,6.513777811,6.605347958,6.606394694,6.796982661,6.742846746,6.535535351,6.7451902,6.726968422,6.613192409,6.823706532,6.906690721,6.512769919
L.Asparagine,0,POS,5.872063035,5.83688965,6.0068586,6.006322169,6.122845444,6.115778381,5.958701403,6.058761609,6.002784913,6.047888351,6.193384958,6.318171666,5.848889773
L.Aspartate,8,POS,NA,NA,NA,NA,3.171016233,3.317165318,NA,3.316979065,3.074159201,3.250420002,NA,NA,NA
L.Homocysteine,0,POS,4.01633764,4.095502584,4.162406177,4.105602245,3.47207889,4.188237195,3.977297491,4.074238587,4.016265547,4.171177551,4.074189771,4.125394496,4.125381822
X1.Methylnicotinamide,0,POS,5.632066941,5.621889777,5.771524945,5.773289455,3.773385598,4.200623651,5.678069546,3.586172614,4.216467955,3.852442784,5.944401621,5.945067614,5.667461995
Tyramine,10,POS,NA,NA,NA,NA,3.074159201,NA,NA,3.375514831,3.212730267,NA,NA,NA,NA
X4.Acetamidobutanoate,0,POS,4.285185096,4.25757018,4.547809847,4.449974692,3.171227972,4.978872489,4.739513272,4.729939622,4.679043831,4.579431327,4.893102802,4.848838505,4.416722525
Spermidine,4,POS,NA,NA,3.074220156,NA,3.074159201,3.426457012,2.949227238,3.074159201,3.074098055,2.949390007,3.551280395,2.773515841,NA
L.Glutamine,0,POS,7.682429313,7.678281907,7.831097271,7.862320932,7.958163993,7.922578928,7.732949879,7.850876991,7.865153749,7.876734386,7.962570509,8.071860864,7.67468086
L.Lysine,0,POS,7.371729053,7.330008265,7.409640334,7.499002079,7.597785628,7.545096427,7.373002739,7.507704374,7.501707846,7.475984969,7.566295309,7.711035758,7.250292875
L.Glutamate,0,POS,6.528430095,6.552652475,6.63069129,6.549940721,6.70341661,6.613941734,6.479974241,6.67086488,6.621702867,6.563896017,6.684384789,6.820044994,6.453163674
L.Methionine,0,POS,6.278560758,6.277185575,6.399871982,6.414092262,6.551348346,6.51148456,6.289294002,6.473253412,6.465630316,6.424487698,6.542597415,6.643931151,6.246459995
Cysteamine,1,POS,4.063224866,4.347295339,3.618265033,NA,3.45005525,3.472355602,3.317676892,3.513656535,3.073976102,3.551449998,3.074423826,3.676219147,4.135040247
X3.Hydroxyanthranilate,12,POS,NA,NA,NA,NA,2.949390007,NA,NA,NA,NA,NA,NA,NA,NA
L.Histidine,0,POS,7.410379345,7.30508434,7.472028054,7.486032241,7.718336181,7.620581137,7.362373526,7.598484636,7.560842783,7.500933647,7.63649032,7.729497667,7.377084395
Tryptamine,2,POS,NA,4.028571253,3.074220156,NA,3.676264909,3.618392936,3.171016233,3.074423826,3.250420002,3.073894231,3.250338625,2.949390007,2.772742226
Carnitine,0,POS,7.062967145,7.04261858,7.192646234,7.162448985,7.262206531,7.22307083,7.031971597,7.148145009,7.166496668,7.146201181,7.231419074,7.340301694,7.010616956
L.Phenylalanine,0,POS,7.44349904,7.373881549,7.596724281,7.560501945,7.675093997,7.586325211,7.442368403,7.645222362,7.563653143,7.481136604,7.5900694,7.754790133,7.433516114
N.pi..Methyl.L.histidine,0,POS,6.186477931,6.040460968,5.993527397,5.970069299,6.32817383,6.227580928,6.065658346,6.271540742,6.127059487,6.077706619,6.292058592,6.435691125,6.105906379
Pyridoxine,12,POS,NA,NA,NA,NA,3.401665517,NA,NA,NA,NA,NA,NA,NA,NA
L.Arginine,0,POS,7.274106061,7.278721476,7.362496047,7.372443591,7.551455144,7.459387457,7.26155422,7.455784058,7.3965933,7.352505798,7.490679144,7.599772742,7.285039699
Indole.3.acetate,0,POS,4.144303164,4.311051845,4.642551796,4.509754787,3.250420002,4.599352565,4.369848149,4.386012855,4.401631879,4.364342521,4.582859784,4.532930309,4.084983823
D.Glucosamine,1,POS,3.648332977,NA,4.275019899,4.291758497,3.250420002,3.074220156,3.250420002,3.472152111,3.375250152,3.814560781,4.424083361,4.393971555,3.618375525
D.Mannose,11,POS,NA,NA,NA,6.590431093,5.323782961,NA,NA,NA,NA,NA,NA,NA,NA
L.Tyrosine,0,POS,6.184854296,6.205201134,6.471185262,6.421913347,6.49602145,6.43475778,6.320756706,6.398519978,6.348655943,6.324690164,6.437436584,6.583463589,6.204010002
D.Sorbitol,12,POS,NA,NA,NA,NA,2.949390007,NA,NA,NA,NA,NA,NA,NA,NA
N8.Acetylspermidine,0,POS,4.220463136,4.55868154,4.841575456,4.911736263,4.852492638,4.865038503,4.551507697,4.796537673,4.762284685,4.852545185,4.764565447,4.828341056,4.364348781
X5.Hydroxyindoleacetate,12,POS,NA,NA,NA,NA,3.171325606,NA,NA,NA,NA,NA,NA,NA,NA
Salicyluric.acid,12,POS,NA,NA,NA,NA,3.472200943,NA,NA,NA,NA,NA,NA,NA,NA
Spermine,11,POS,NA,NA,2.949308752,NA,NA,NA,NA,NA,NA,NA,3.074423826,NA,NA
O.Acetylcarnitine,0,POS,6.851378587,6.801093423,6.914453045,6.849902204,7.11797491,7.146018956,7.033204583,6.938158885,7.021261706,6.980670224,7.165899824,7.280023877,6.814061511
L.Tryptophan,0,POS,6.785701198,6.774187969,7.049930381,7.055110637,7.206957397,7.126468175,6.94770361,7.159224617,7.065789311,6.965998403,7.148793851,7.286747644,6.8133229
Indolelactate,0,POS,4.074319954,4.003699027,4.188241883,4.32953008,4.369874956,4.257558179,4.003708608,4.105672291,4.21260438,4.341428312,4.271531835,4.467854688,4.134919859
L.Kynurenine,0,POS,5.246125852,5.243955756,5.384105122,5.384111511,5.653912306,5.605153146,5.334532299,5.534362805,5.472527065,5.427207155,5.576721131,5.73112796,5.201084104
X5.Hydroxy.L.tryptophan,11,POS,3.472160384,NA,NA,NA,3.074037082,NA,NA,NA,NA,NA,NA,NA,NA
X3.Hydroxy.L.kynurenine,8,POS,3.648143005,NA,NA,NA,3.472176564,NA,3.551585755,3.375250152,NA,4.523350422,NA,NA,NA
Deoxyuridine,12,POS,NA,NA,NA,NA,2.772742226,NA,NA,NA,NA,NA,NA,NA,NA
Melatonin,2,POS,3.171325606,NA,2.949390007,NA,3.171065004,2.870816348,3.250555759,3.285349113,3.426429925,3.250420002,3.074037082,3.250420002,3.317165318
L.Cystine,0,POS,5.831654728,5.887087057,5.999716698,5.978975369,6.098808984,6.045252856,5.873100828,6.002896931,5.999997789,5.997659387,6.137390224,6.19318014,5.8854349
Cytidine,0,POS,4.861452296,4.784020559,4.970621773,5.074412997,5.28865114,5.303041731,4.784072953,5.12266194,5.042846136,4.888945199,5.215098875,5.174776253,4.877107458
N1.Acetylspermine,9,POS,3.250420002,NA,NA,3.171016233,3.074220156,NA,NA,2.949390007,NA,NA,NA,NA,NA
Uridine,0,POS,5.490360625,5.535890411,5.691082342,5.734827053,5.842628434,5.750286332,5.575861345,5.608180613,5.614531164,5.661983861,5.738465298,5.872101211,5.499878952
X5.Hydroxymethyl.2..deoxyuridine,13,POS,NA,NA,NA,NA,NA,NA,NA,NA,NA,NA,NA,NA,NA
Adenosine,0,POS,3.55121937,3.618410398,3.852408805,3.375189197,3.794375799,4.003684666,3.618334741,3.648181035,3.977412013,3.990624893,3.934561066,3.794429939,3.773169916
Inosine,0,POS,4.386040646,4.476533242,4.562096543,4.599372012,4.978878578,4.75107924,4.651297852,4.78400036,4.630588387,4.689767583,4.790333219,4.988166198,4.57260835
X6.Methyladenosine,1,POS,2.772864236,3.074220156,3.586278914,NA,3.887102255,3.949276124,3.618323237,3.977315337,3.317304745,2.949390007,3.94925987,3.727446377,3.171227972
X8.Hydroxy.deoxyguanosine,11,POS,2.948792807,NA,NA,NA,2.772864236,NA,NA,NA,NA,NA,NA,NA,NA
Methylthioadenosine,11,POS,3.903542151,NA,NA,NA,4.285017301,NA,NA,NA,NA,NA,NA,NA,NA
N2.N2.Dimethylguanosine,13,POS,NA,NA,NA,NA,NA,NA,NA,NA,NA,NA,NA,NA,NA
Nicotinamide.mononucleotide,10,POS,3.074037082,NA,NA,3.375128142,3.375219675,NA,NA,NA,NA,NA,NA,NA,NA
Guanosine.5..monophosphate,5,POS,NA,3.074423826,NA,2.949390007,NA,3.375260493,NA,2.949390007,3.074423826,NA,3.317165318,2.949227238,2.772864236
S.Adenosylmethionine,0,POS,3.55128729,3.990679163,3.870155666,3.963548262,4.264689793,3.949390007,4.003720535,4.144297977,3.814708722,4.016249231,3.990760511,3.963650602,3.676290489
alpha.Tocopherol,0,POS,6.038926467,6.018806991,6.160252335,6.169632448,6.286533982,6.25043513,5.861361197,5.977521102,5.905144533,5.958748146,6.154474382,6.206564236,6.116512339
Bilirubin,0,POS,7.403681278,7.416384375,7.077712523,7.220991588,7.556067016,7.525614686,7.240563084,7.472051973,7.463345369,7.440886467,7.447232644,7.569423993,7.318315025
X3.Acetamidopropanal,0,POS,4.897146284,4.906837837,5.243645838,7.088612946,5.272514469,4.621657101,4.998719564,5.179163703,5.020243301,4.875615411,4.67394187,5.23451072,4.707853916
Cys.Gly,8,POS,3.074545836,NA,NA,NA,2.772864236,3.074159201,NA,3.074220156,NA,3.250175948,NA,NA,NA
X1.Methyladenosine,0,POS,5.86220171,5.816583442,6.061587374,6.006077617,3.375413022,6.244447614,6.044995323,6.20358136,6.16445438,3.426285109,6.282331467,6.365524136,5.825069123
N.Methylhistamine,11,POS,3.551558558,NA,NA,NA,3.569096388,NA,NA,NA,NA,NA,NA,NA,NA
Serotonin,0,POS,5.084582776,5.018228051,5.057755498,4.968526383,3.426656002,5.066207753,4.960859815,5.214388979,5.114834152,4.897198591,5.202393927,5.30688275,4.937642954
Xanthurenate,0,POS,4.003646339,4.125499369,4.220435517,4.06325828,4.105706339,4.016358531,3.317200153,4.125392674,4.179767162,3.852347825,4.220386091,4.278416549,3.814697643
X4.Hydroxybutyrate,13,POS,NA,NA,NA,NA,NA,NA,NA,NA,NA,NA,NA,NA,NA
Anthranilate,10,POS,3.317490858,3.285436792,NA,NA,3.317490858,NA,NA,NA,NA,NA,NA,NA,NA
Acetylcholine,9,POS,4.162459345,3.676402306,NA,4.391494298,3.426628847,NA,NA,NA,NA,NA,NA,NA,NA
X4.Trimethylammoniobutanoate,0,POS,4.517569079,4.579426889,4.85249434,4.856988236,2.949145952,4.859754276,4.712829766,4.850751994,4.806860465,4.779902096,4.848987568,5.117940344,4.501622459
L.Adrenaline,0,POS,5.170048504,5.336616436,5.421535482,5.390914854,5.535501298,5.369520801,5.122609703,5.43141458,5.498208552,5.452678581,5.519273694,5.488290063,5.267542768
IndolePyruvate,5,POS,3.317269919,NA,NA,NA,3.887114843,3.852449494,3.618212731,3.513471575,3.250202801,3.074545836,3.317304745,NA,NA
O.Phosphotyrosine,11,POS,2.948874159,NA,NA,NA,2.949145952,NA,NA,NA,NA,NA,NA,NA,NA
X1.Methylguanosine,0,POS,4.125389078,4.153469333,4.285109958,4.746506503,4.804681686,4.883927664,4.472248203,4.717748357,4.651204638,4.536660395,4.777585416,4.861454964,4.040370773
X8.hydroxyguanosine,13,POS,NA,NA,NA,NA,NA,NA,NA,NA,NA,NA,NA,NA,NA
Glycerol,13,POS,NA,NA,NA,NA,NA,NA,NA,NA,NA,NA,NA,NA,NA
L.Normetanephrine,6,POS,3.074159201,NA,NA,5.366100149,3.676315838,NA,2.772620182,3.250297992,3.171227972,3.074037082,NA,NA,NA
Guanosine,12,POS,NA,NA,NA,NA,3.074159201,NA,NA,NA,NA,NA,NA,NA,NA
Carnosine,1,POS,3.585947036,NA,4.162401202,4.304737409,4.375283884,3.648278659,4.016293427,4.375319452,4.317295542,4.454496774,3.934639675,4.196477599,3.586091183
