"","Metabolite","Estimate.RH","Std.err.RH","CI_lower.RH","CI_upper.RH","p_value.RH","sig"
"2-Aminoadipic 2-Oxoadipic Aciduria","2-Aminoadipic 2-Oxoadipic Aciduria",-0.943842983665157,0.044862665182264,-1.03177380742239,-0.85591215990792,0,"sig"
"2-Hydroxyglutric Aciduria ","2-Hydroxyglutric Aciduria ",-0.311349890733762,0.031026678336551,-0.372162180273401,-0.250537601194122,0,"sig"
"2-Ketoglutarate Dehydrogenase Complex Deficiency","2-Ketoglutarate Dehydrogenase Complex Deficiency",-0.286462754114047,0.0425295182232626,-0.369820609831642,-0.203104898396453,1.63230540195514e-11,"sig"
"2-Methyl-3-hydroxybutryl-CoA Dehydrogenase Deficiency","2-Methyl-3-hydroxybutryl-CoA Dehydrogenase Deficiency",-0.327080377840278,0.0515195381959834,-0.428058672704405,-0.22610208297615,2.17188933504531e-10,"sig"
"27-Hydroxylase Deficiency","27-Hydroxylase Deficiency",-0.0589426627836628,0.0446919910692715,-0.146538965279435,0.0286536397121093,0.187214548405646,"not sig"
"3-Hydroxy-3-methylglutaryl-CoA Lyase Deficiency","3-Hydroxy-3-methylglutaryl-CoA Lyase Deficiency",-0.327080377840278,0.0515195381959834,-0.428058672704405,-0.22610208297615,2.17188933504531e-10,"sig"
"3-Hydroxyisobutyric Acid Dehydrogenase Deficiency","3-Hydroxyisobutyric Acid Dehydrogenase Deficiency",-0.327080377840278,0.0515195381959834,-0.428058672704405,-0.22610208297615,2.17188933504531e-10,"sig"
"3-Hydroxyisobutyric Aciduria","3-Hydroxyisobutyric Aciduria",-0.327080377840278,0.0515195381959834,-0.428058672704405,-0.22610208297615,2.17188933504531e-10,"sig"
"3-Methylcrotonyl-CoA Carboxylase Deficiency Type I","3-Methylcrotonyl-CoA Carboxylase Deficiency Type I",-0.327080377840278,0.0515195381959834,-0.428058672704405,-0.22610208297615,2.17188933504531e-10,"sig"
"3-Methylglutaconic Aciduria Type I","3-Methylglutaconic Aciduria Type I",-0.327080377840278,0.0515195381959834,-0.428058672704405,-0.22610208297615,2.17188933504531e-10,"sig"
"3-Methylglutaconic Aciduria Type III","3-Methylglutaconic Aciduria Type III",-0.327080377840278,0.0515195381959834,-0.428058672704405,-0.22610208297615,2.17188933504531e-10,"sig"
"3-Methylglutaconic Aciduria Type IV","3-Methylglutaconic Aciduria Type IV",-0.327080377840278,0.0515195381959834,-0.428058672704405,-0.22610208297615,2.17188933504531e-10,"sig"
"3-Phosphoglycerate Dehydrogenase Deficiency","3-Phosphoglycerate Dehydrogenase Deficiency",-0.44567210030538,0.0248906005633225,-0.494457677409492,-0.396886523201268,0,"sig"
"4-Hydroxybutyric Aciduria/Succinic Semialdehyde Dehydrogenase Deficiency","4-Hydroxybutyric Aciduria/Succinic Semialdehyde Dehydrogenase Deficiency",-0.311349890733762,0.031026678336551,-0.372162180273401,-0.250537601194122,0,"sig"
"5-Oxoprolinase Deficiency","5-Oxoprolinase Deficiency",-0.365690781811641,0.0518975277410572,-0.467409936184113,-0.263971627439169,1.83608683812508e-12,"sig"
"5-Oxoprolinuria","5-Oxoprolinuria",-0.365690781811641,0.0518975277410572,-0.467409936184113,-0.263971627439169,1.83608683812508e-12,"sig"
"Acetaminophen  Action Pathway","Acetaminophen  Action Pathway",0.187692611533825,0.0484978836792791,0.0926367595224375,0.282748463545212,0.000108781960906135,"sig"
"Acetaminophen Metabolism Pathway","Acetaminophen Metabolism Pathway",-0.512470846655622,0.0610721506594878,-0.632172261948218,-0.392769431363026,0,"sig"
"Acetylsalicylic Acid Action Pathway","Acetylsalicylic Acid Action Pathway",0.187692611533825,0.0484978836792791,0.0926367595224375,0.282748463545212,0.000108781960906135,"sig"
"Acute Intermittent Porphyria","Acute Intermittent Porphyria",-0.662278550684882,0.0397061381334071,-0.74010258142636,-0.584454519943404,0,"sig"
"Adenine Phosphoribosyltransferase Deficiency ","Adenine Phosphoribosyltransferase Deficiency ",0.0453347879570002,0.0381959229429392,-0.0295292210111605,0.120198796925161,0.235266581750758,"not sig"
"Adenosine Deaminase Deficiency","Adenosine Deaminase Deficiency",0.0453347879570002,0.0381959229429392,-0.0295292210111605,0.120198796925161,0.235266581750758,"not sig"
"Adenylosuccinate Lyase Deficiency","Adenylosuccinate Lyase Deficiency",0.0453347879570002,0.0381959229429392,-0.0295292210111605,0.120198796925161,0.235266581750758,"not sig"
"AICA-Ribosiduria","AICA-Ribosiduria",0.0453347879570002,0.0381959229429392,-0.0295292210111605,0.120198796925161,0.235266581750758,"not sig"
"Alanine Metabolism","Alanine Metabolism",-0.203941780716399,0.0393734035488713,-0.281113651672187,-0.126769909760611,2.22262316995625e-07,"sig"
"Alkaptonuria","Alkaptonuria",-0.31576952447814,0.0329381321063325,-0.380328263406551,-0.251210785549728,0,"sig"
"Amikacin Action Pathway","Amikacin Action Pathway",0.0965497980034626,0.0684396436534685,-0.0375919035573355,0.230691499564261,0.15832450230693,"not sig"
"Amino Sugar Metabolism","Amino Sugar Metabolism",-0.0224476516124182,0.0511470166458417,-0.122695804238268,0.0778005010134315,0.660744962240267,"not sig"
"Ammonia Recycling","Ammonia Recycling",-0.598725679812023,0.0333954202478862,-0.664180703497879,-0.533270656126166,0,"sig"
"Antipyrine Action Pathway","Antipyrine Action Pathway",0.187692611533825,0.0484978836792791,0.0926367595224375,0.282748463545212,0.000108781960906135,"sig"
"Antrafenine Action Pathway","Antrafenine Action Pathway",0.187692611533825,0.0484978836792791,0.0926367595224375,0.282748463545212,0.000108781960906135,"sig"
"Arachidonic Acid Metabolism","Arachidonic Acid Metabolism",0.187692611533825,0.0484978836792791,0.0926367595224375,0.282748463545212,0.000108781960906135,"sig"
"Arbekacin Action Pathway","Arbekacin Action Pathway",0.0965497980034626,0.0684396436534685,-0.0375919035573355,0.230691499564261,0.15832450230693,"not sig"
"Arginine and Proline Metabolism","Arginine and Proline Metabolism",-0.28366943220004,0.0248285339605659,-0.332333358762749,-0.235005505637331,0,"sig"
"Arginine: Glycine Amidinotransferase Deficiency ","Arginine: Glycine Amidinotransferase Deficiency ",-0.28366943220004,0.0248285339605659,-0.332333358762749,-0.235005505637331,0,"sig"
"Argininemia","Argininemia",-0.414900802816805,0.0327113842279611,-0.479015115903609,-0.350786489730002,0,"sig"
"Argininosuccinic Aciduria","Argininosuccinic Aciduria",-0.414900802816805,0.0327113842279611,-0.479015115903609,-0.350786489730002,0,"sig"
"Aromatic L-Aminoacid Decarboxylase Deficiency","Aromatic L-Aminoacid Decarboxylase Deficiency",-0.38685441489771,0.0446362272490117,-0.474341420305773,-0.299367409489647,0,"sig"
"Aspartate Metabolism","Aspartate Metabolism",-0.032833459408962,0.0465635844369115,-0.124098084905309,0.0584311660873846,0.480728281246705,"not sig"
"Azathioprine Action Pathway","Azathioprine Action Pathway",-0.105006683316396,0.0339945043225313,-0.171635911788557,-0.0383774548442343,0.00200877985993242,"sig"
"Azithromycin Action Pathway","Azithromycin Action Pathway",0.0965497980034626,0.0684396436534685,-0.0375919035573355,0.230691499564261,0.15832450230693,"not sig"
"beta-Alanine Metabolism","beta-Alanine Metabolism",-0.688880796439959,0.0450030964547895,-0.777086865491347,-0.600674727388572,0,"sig"
"beta-Ketothiolase Deficiency","beta-Ketothiolase Deficiency",-0.327080377840278,0.0515195381959834,-0.428058672704405,-0.22610208297615,2.17188933504531e-10,"sig"
"beta-Mercaptolactate-Cysteine Disulfiduria","beta-Mercaptolactate-Cysteine Disulfiduria",-0.755041117978402,0.0428657344794746,-0.839057957558172,-0.671024278398632,0,"sig"
"beta-Ureidopropionase Deficiency","beta-Ureidopropionase Deficiency",-0.0735697466227596,0.0388520382308396,-0.149719741555205,0.00258024830968598,0.0582797406201572,"not sig"
"Betaine Metabolism","Betaine Metabolism",-0.279395010551059,0.0392455796404508,-0.356316346646342,-0.202473674455775,1.08602016268833e-12,"sig"
"Bile Acid Biosynthesis","Bile Acid Biosynthesis",-0.0589426627836628,0.0446919910692715,-0.146538965279435,0.0286536397121093,0.187214548405646,"not sig"
"Bromfenac Action Pathway","Bromfenac Action Pathway",0.187692611533825,0.0484978836792791,0.0926367595224375,0.282748463545212,0.000108781960906135,"sig"
"Butyrate Metabolism","Butyrate Metabolism",-0.310899898805285,0.0596309860405065,-0.427776631444677,-0.194023166165892,1.85080164305518e-07,"sig"
"Canavan Disease","Canavan Disease",-0.032833459408962,0.0465635844369115,-0.124098084905309,0.0584311660873846,0.480728281246705,"not sig"
"Carbamoyl Phosphate Synthetase Deficiency","Carbamoyl Phosphate Synthetase Deficiency",-0.414900802816805,0.0327113842279611,-0.479015115903609,-0.350786489730002,0,"sig"
"Cardiolipin Biosynthesis","Cardiolipin Biosynthesis",-0.0780210916886212,0.0531484301528201,-0.182192014788149,0.0261498314109063,0.14210833091985,"not sig"
"Cardiolipin Biosynthesis ","Cardiolipin Biosynthesis ",-0.0780210916886212,0.0531484301528201,-0.182192014788149,0.0261498314109063,0.14210833091985,"not sig"
"Cardiolipin Biosynthesis CL","Cardiolipin Biosynthesis CL",-0.0780210916886212,0.0531484301528201,-0.182192014788149,0.0261498314109063,0.14210833091985,"not sig"
"Carnitine Synthesis","Carnitine Synthesis",-0.500947458180119,0.0310746338039669,-0.561853740435895,-0.440041175924344,0,"sig"
"Carnosinuria, Carnosinemia","Carnosinuria, Carnosinemia",-0.688880796439959,0.0450030964547895,-0.777086865491347,-0.600674727388572,0,"sig"
"Carprofen Action Pathway","Carprofen Action Pathway",0.187692611533825,0.0484978836792791,0.0926367595224375,0.282748463545212,0.000108781960906135,"sig"
"Catecholamine Biosynthesis","Catecholamine Biosynthesis",-0.38685441489771,0.0446362272490117,-0.474341420305773,-0.299367409489647,0,"sig"
"Celecoxib Action Pathway","Celecoxib Action Pathway",0.170142462142036,0.0458439952029563,0.0802882315442413,0.25999669273983,0.000206168359358827,"sig"
"Cerebrotendinous Xanthomatosis ","Cerebrotendinous Xanthomatosis ",-0.0589426627836628,0.0446919910692715,-0.146538965279435,0.0286536397121093,0.187214548405646,"not sig"
"Chloramphenicol Action Pathway","Chloramphenicol Action Pathway",0.0965497980034626,0.0684396436534685,-0.0375919035573355,0.230691499564261,0.15832450230693,"not sig"
"Citalopram Action Pathway","Citalopram Action Pathway",-0.383353805537467,0.0603997215459074,-0.501737259767446,-0.264970351307489,2.19630313935681e-10,"sig"
"Citric Acid Cycle","Citric Acid Cycle",-0.286462754114047,0.0425295182232626,-0.369820609831642,-0.203104898396453,1.63230540195514e-11,"sig"
"Citrullinemia Type I","Citrullinemia Type I",-0.414900802816805,0.0327113842279611,-0.479015115903609,-0.350786489730002,0,"sig"
"Clarithromycin Action Pathway","Clarithromycin Action Pathway",0.0965497980034626,0.0684396436534685,-0.0375919035573355,0.230691499564261,0.15832450230693,"not sig"
"Clindamycin Action Pathway","Clindamycin Action Pathway",0.0965497980034626,0.0684396436534685,-0.0375919035573355,0.230691499564261,0.15832450230693,"not sig"
"Clomocycline Action Pathway","Clomocycline Action Pathway",0.0965497980034626,0.0684396436534685,-0.0375919035573355,0.230691499564261,0.15832450230693,"not sig"
"Codeine Action Pathway","Codeine Action Pathway",-0.307673645406127,0.059204592038966,-0.423714645802501,-0.191632645009754,2.02762624246233e-07,"sig"
"Congenital Bile Acid Synthesis Defect Type II","Congenital Bile Acid Synthesis Defect Type II",-0.0589426627836628,0.0446919910692715,-0.146538965279435,0.0286536397121093,0.187214548405646,"not sig"
"Congenital Bile Acid Synthesis Defect Type III","Congenital Bile Acid Synthesis Defect Type III",-0.0589426627836628,0.0446919910692715,-0.146538965279435,0.0286536397121093,0.187214548405646,"not sig"
"Congenital Disorder of Glycosylation CDG-IId","Congenital Disorder of Glycosylation CDG-IId",0.385778202097858,0.0539418018446363,0.280052270482371,0.491504133713346,8.56759108103233e-13,"sig"
"Congenital Erythropoietic Porphyria ","Congenital Erythropoietic Porphyria ",-0.662278550684882,0.0397061381334071,-0.74010258142636,-0.584454519943404,0,"sig"
"Congenital Lactic Acidosis","Congenital Lactic Acidosis",-0.286462754114047,0.0425295182232626,-0.369820609831642,-0.203104898396453,1.63230540195514e-11,"sig"
"Creatine Deficiency, Guanidinoacetate Methyltransferase Deficiency","Creatine Deficiency, Guanidinoacetate Methyltransferase Deficiency",-0.28366943220004,0.0248285339605659,-0.332333358762749,-0.235005505637331,0,"sig"
"Cystathionine beta-Synthase Deficiency","Cystathionine beta-Synthase Deficiency",-0.227372753553551,0.0381192881154515,-0.302086558259836,-0.152658948847266,2.4498014727925e-09,"sig"
"Cysteine Metabolism","Cysteine Metabolism",-0.755041117978402,0.0428657344794746,-0.839057957558172,-0.671024278398632,0,"sig"
"Cystinosis, Ocular Nonnephropathic","Cystinosis, Ocular Nonnephropathic",-0.755041117978402,0.0428657344794746,-0.839057957558172,-0.671024278398632,0,"sig"
"D-Glyceric Acidura","D-Glyceric Acidura",-0.0195661449287337,0.0516744289583284,-0.120848025687057,0.0817157358295899,0.70495321439881,"not sig"
"De Novo Triacylglycerol Biosynthesis","De Novo Triacylglycerol Biosynthesis",-0.145690126290805,0.0539188109477176,-0.251370995748332,-0.0400092568332787,0.00689179991320699,"sig"
"De Novo Triacylglycerol Biosynthesis TG","De Novo Triacylglycerol Biosynthesis TG",-0.145690126290805,0.0539188109477176,-0.251370995748332,-0.0400092568332787,0.00689179991320699,"sig"
"Demeclocycline Action Pathway","Demeclocycline Action Pathway",0.0965497980034626,0.0684396436534685,-0.0375919035573355,0.230691499564261,0.15832450230693,"not sig"
"Diclofenac Action Pathway","Diclofenac Action Pathway",0.187692611533825,0.0484978836792791,0.0926367595224375,0.282748463545212,0.000108781960906135,"sig"
"Diflunisal Action Pathway","Diflunisal Action Pathway",0.187692611533825,0.0484978836792791,0.0926367595224375,0.282748463545212,0.000108781960906135,"sig"
"Dihydropyrimidinase Deficiency","Dihydropyrimidinase Deficiency",-0.0735697466227596,0.0388520382308396,-0.149719741555205,0.00258024830968598,0.0582797406201572,"not sig"
"Dihydropyrimidine Dehydrogenase Deficiency ","Dihydropyrimidine Dehydrogenase Deficiency ",-0.44567210030538,0.0248906005633225,-0.494457677409492,-0.396886523201268,0,"sig"
"Dimethylglycine Dehydrogenase Deficiency","Dimethylglycine Dehydrogenase Deficiency",-0.120924073616331,0.00994953066092978,-0.140425153711753,-0.101422993520909,0,"sig"
"Disulfiram Action Pathway","Disulfiram Action Pathway",-0.314880655931394,0.0327173127627511,-0.379006588946387,-0.250754722916402,0,"sig"
"Dopamine beta-Hydroxylase Deficiency","Dopamine beta-Hydroxylase Deficiency",-0.31576952447814,0.0329381321063325,-0.380328263406551,-0.251210785549728,0,"sig"
"Doxycycline Action Pathway","Doxycycline Action Pathway",0.0965497980034626,0.0684396436534685,-0.0375919035573355,0.230691499564261,0.15832450230693,"not sig"
"Erythromycin Action Pathway","Erythromycin Action Pathway",0.0965497980034626,0.0684396436534685,-0.0375919035573355,0.230691499564261,0.15832450230693,"not sig"
"Estrone Metabolism","Estrone Metabolism",-0.72521955270827,0.0419217120115421,-0.807386108250893,-0.643052997165647,0,"sig"
"Etodolac Action Pathway","Etodolac Action Pathway",0.187692611533825,0.0484978836792791,0.0926367595224375,0.282748463545212,0.000108781960906135,"sig"
"Etoricoxib Action Pathway","Etoricoxib Action Pathway",0.187692611533825,0.0484978836792791,0.0926367595224375,0.282748463545212,0.000108781960906135,"sig"
"Familial Hypercholanemia ","Familial Hypercholanemia ",-0.0589426627836628,0.0446919910692715,-0.146538965279435,0.0286536397121093,0.187214548405646,"not sig"
"Familial Lipoprotein Lipase Deficiency","Familial Lipoprotein Lipase Deficiency",-0.0195661449287337,0.0516744289583284,-0.120848025687057,0.0817157358295899,0.70495321439881,"not sig"
"Fanconi-Bickel Syndrome","Fanconi-Bickel Syndrome",-0.280944100475296,0.046866701472248,-0.372802835360902,-0.18908536558969,2.04068029141524e-09,"sig"
"Fatty Acid Biosynthesis","Fatty Acid Biosynthesis",0.0615156969229789,0.0631006107780463,-0.0621615002019918,0.18519289404795,0.329618423982583,"not sig"
"Fenoprofen Action Pathway","Fenoprofen Action Pathway",0.187692611533825,0.0484978836792791,0.0926367595224375,0.282748463545212,0.000108781960906135,"sig"
"Fluoxetine Action Pathway","Fluoxetine Action Pathway",-0.383353805537467,0.0603997215459074,-0.501737259767446,-0.264970351307489,2.19630313935681e-10,"sig"
"Flurbiprofen Action Pathway","Flurbiprofen Action Pathway",0.187692611533825,0.0484978836792791,0.0926367595224375,0.282748463545212,0.000108781960906135,"sig"
"Folate Malabsorption, Hereditary","Folate Malabsorption, Hereditary",-0.28114627907589,0.0620037806576963,-0.402673689164975,-0.159618868986806,5.77836363024886e-06,"sig"
"Folate Metabolism","Folate Metabolism",-0.28114627907589,0.0620037806576963,-0.402673689164975,-0.159618868986806,5.77836363024886e-06,"sig"
"Fructose-1,6-diphosphatase Deficiency","Fructose-1,6-diphosphatase Deficiency",-0.232268468554357,0.042212800633983,-0.315005557796964,-0.14953137931175,3.74819213444511e-08,"sig"
"Fructose and Mannose Degradation","Fructose and Mannose Degradation",-0.345760367400469,0.0553883317507689,-0.454321497631976,-0.237199237168962,4.30696145414800e-10,"sig"
"Fructose Intolerance, Hereditary","Fructose Intolerance, Hereditary",-0.345760367400469,0.0553883317507689,-0.454321497631976,-0.237199237168962,4.30696145414800e-10,"sig"
"Fructosuria","Fructosuria",-0.345760367400469,0.0553883317507689,-0.454321497631976,-0.237199237168962,4.30696145414800e-10,"sig"
"Fumarase Deficiency","Fumarase Deficiency",-0.286462754114047,0.0425295182232626,-0.369820609831642,-0.203104898396453,1.63230540195514e-11,"sig"
"G","G",-0.0224476516124182,0.0511470166458417,-0.122695804238268,0.0778005010134315,0.660744962240267,"not sig"
"GABA-Transaminase Deficiency","GABA-Transaminase Deficiency",-0.688880796439959,0.0450030964547895,-0.777086865491347,-0.600674727388572,0,"sig"
"Galactose Metabolism","Galactose Metabolism",0.090882196578858,0.0503654797398818,-0.0078341437113104,0.189598536869026,0.0711601480353534,"not sig"
"Galactosemia","Galactosemia",0.090882196578858,0.0503654797398818,-0.0078341437113104,0.189598536869026,0.0711601480353534,"not sig"
"Galactosemia II ","Galactosemia II ",-0.141315007221099,0.0588535607000856,-0.256667986193267,-0.0259620282489311,0.0163445614112028,"sig"
"Galactosemia III","Galactosemia III",-0.141315007221099,0.0588535607000856,-0.256667986193267,-0.0259620282489311,0.0163445614112028,"sig"
"gamma-Glutamyltransferase Deficiency","gamma-Glutamyltransferase Deficiency",-0.365690781811641,0.0518975277410572,-0.467409936184113,-0.263971627439169,1.83608683812508e-12,"sig"
"gamma-Glutamyltranspeptidase Deficiency","gamma-Glutamyltranspeptidase Deficiency",-0.365690781811641,0.0518975277410572,-0.467409936184113,-0.263971627439169,1.83608683812508e-12,"sig"
"Gentamicin Action Pathway","Gentamicin Action Pathway",0.0965497980034626,0.0684396436534685,-0.0375919035573355,0.230691499564261,0.15832450230693,"not sig"
"Gluconeogenesis","Gluconeogenesis",-0.232268468554357,0.042212800633983,-0.315005557796964,-0.14953137931175,3.74819213444511e-08,"sig"
"Glucose-6-phosphate Dehydrogenase Deficiency","Glucose-6-phosphate Dehydrogenase Deficiency",-0.150543476875955,0.0589546350475872,-0.266094561569225,-0.0349923921826836,0.0106631650365983,"sig"
"Glucose-Alanine Cycle","Glucose-Alanine Cycle",-0.886308195676947,0.0427522385853593,-0.970102583304251,-0.802513808049642,0,"sig"
"GLUT-1 Deficiency Syndrome","GLUT-1 Deficiency Syndrome",0.385778202097858,0.0539418018446363,0.280052270482371,0.491504133713346,8.56759108103233e-13,"sig"
"Glutamate Metabolism","Glutamate Metabolism",-0.311349890733762,0.031026678336551,-0.372162180273401,-0.250537601194122,0,"sig"
"Glutaminolysis and Cancer","Glutaminolysis and Cancer",-0.286462754114047,0.0425295182232626,-0.369820609831642,-0.203104898396453,1.63230540195514e-11,"sig"
"Glutaric Aciduria Type I","Glutaric Aciduria Type I",-0.604677335711228,0.0376205845317801,-0.678413681393517,-0.530940990028939,0,"sig"
"Glutathione Metabolism","Glutathione Metabolism",-0.365690781811641,0.0518975277410572,-0.467409936184113,-0.263971627439169,1.83608683812508e-12,"sig"
"Glutathione Synthetase Deficiency","Glutathione Synthetase Deficiency",-0.365690781811641,0.0518975277410572,-0.467409936184113,-0.263971627439169,1.83608683812508e-12,"sig"
"Glycerol Kinase Deficiency","Glycerol Kinase Deficiency",-0.0195661449287337,0.0516744289583284,-0.120848025687057,0.0817157358295899,0.70495321439881,"not sig"
"Glycerol Phosphate Shuttle","Glycerol Phosphate Shuttle",-0.145690126290805,0.0539188109477176,-0.251370995748332,-0.0400092568332787,0.00689179991320699,"sig"
"Glycerolipid Metabolism","Glycerolipid Metabolism",-0.0195661449287337,0.0516744289583284,-0.120848025687057,0.0817157358295899,0.70495321439881,"not sig"
"Glycine and Serine Metabolism","Glycine and Serine Metabolism",-0.44567210030538,0.0248906005633225,-0.494457677409492,-0.396886523201268,0,"sig"
"Glycine N-Methyltransferase Deficiency","Glycine N-Methyltransferase Deficiency",-0.227372753553551,0.0381192881154515,-0.302086558259836,-0.152658948847266,2.4498014727925e-09,"sig"
"Glycogen Storage Disease Type 1A ","Glycogen Storage Disease Type 1A ",-0.232268468554357,0.042212800633983,-0.315005557796964,-0.14953137931175,3.74819213444511e-08,"sig"
"Glycogen Synthetase Deficiency","Glycogen Synthetase Deficiency",0.00913380887034496,0.0509073947783774,-0.0906446848952748,0.108912302635965,0.857607865240385,"not sig"
"Glycogenosis, Type IA. Von Gierke Disease","Glycogenosis, Type IA. Von Gierke Disease",-0.232268468554357,0.042212800633983,-0.315005557796964,-0.14953137931175,3.74819213444511e-08,"sig"
"Glycogenosis, Type IB","Glycogenosis, Type IB",-0.232268468554357,0.042212800633983,-0.315005557796964,-0.14953137931175,3.74819213444511e-08,"sig"
"Glycogenosis, Type IC","Glycogenosis, Type IC",-0.232268468554357,0.042212800633983,-0.315005557796964,-0.14953137931175,3.74819213444511e-08,"sig"
"Glycogenosis, Type III. Cori Disease, Debrancher Glycogenosis","Glycogenosis, Type III. Cori Disease, Debrancher Glycogenosis",0.00913380887034496,0.0509073947783774,-0.0906446848952748,0.108912302635965,0.857607865240385,"not sig"
"Glycogenosis, Type IV. Amylopectinosis, Anderson Disease","Glycogenosis, Type IV. Amylopectinosis, Anderson Disease",0.00913380887034496,0.0509073947783774,-0.0906446848952748,0.108912302635965,0.857607865240385,"not sig"
"Glycogenosis, Type VI. Hers Disease","Glycogenosis, Type VI. Hers Disease",0.00913380887034496,0.0509073947783774,-0.0906446848952748,0.108912302635965,0.857607865240385,"not sig"
"Glycogenosis, Type VII. Tarui Disease","Glycogenosis, Type VII. Tarui Disease",-0.280944100475296,0.046866701472248,-0.372802835360902,-0.18908536558969,2.04068029141524e-09,"sig"
"Glycolysis","Glycolysis",-0.280944100475296,0.046866701472248,-0.372802835360902,-0.18908536558969,2.04068029141524e-09,"sig"
"Gout or Kelley-Seegmiller Syndrome","Gout or Kelley-Seegmiller Syndrome",0.0453347879570002,0.0381959229429392,-0.0295292210111605,0.120198796925161,0.235266581750758,"not sig"
"Guanidinoacetate Methyltransferase Deficiency ","Guanidinoacetate Methyltransferase Deficiency ",-0.28366943220004,0.0248285339605659,-0.332333358762749,-0.235005505637331,0,"sig"
"Hawkinsinuria","Hawkinsinuria",-0.31576952447814,0.0329381321063325,-0.380328263406551,-0.251210785549728,0,"sig"
"Hereditary Coproporphyria ","Hereditary Coproporphyria ",-0.662278550684882,0.0397061381334071,-0.74010258142636,-0.584454519943404,0,"sig"
"Histidine Metabolism","Histidine Metabolism",-0.774335252687787,0.0410472682007461,-0.85478789836125,-0.693882607014325,0,"sig"
"Histidinemia","Histidinemia",-0.774335252687787,0.0410472682007461,-0.85478789836125,-0.693882607014325,0,"sig"
"Homocarnosinosis","Homocarnosinosis",-0.311349890733762,0.031026678336551,-0.372162180273401,-0.250537601194122,0,"sig"
"Homocystinuria-Megaloblastic Anemia Due to Defect in Cobalamin Metabolism, cblG Complementation Type","Homocystinuria-Megaloblastic Anemia Due to Defect in Cobalamin Metabolism, cblG Complementation Type",-0.227372753553551,0.0381192881154515,-0.302086558259836,-0.152658948847266,2.4498014727925e-09,"sig"
"Hyperglycinemia, Non-Ketotic","Hyperglycinemia, Non-Ketotic",-0.44567210030538,0.0248906005633225,-0.494457677409492,-0.396886523201268,0,"sig"
"Hyperinsulinism-Hyperammonemia Syndrome","Hyperinsulinism-Hyperammonemia Syndrome",-0.311349890733762,0.031026678336551,-0.372162180273401,-0.250537601194122,0,"sig"
"Hyperlysinemia I, Familial","Hyperlysinemia I, Familial",-0.943842983665157,0.044862665182264,-1.03177380742239,-0.85591215990792,0,"sig"
"Hyperlysinemia II or Saccharopinuria","Hyperlysinemia II or Saccharopinuria",-0.943842983665157,0.044862665182264,-1.03177380742239,-0.85591215990792,0,"sig"
"Hypermethioninemia","Hypermethioninemia",-0.227372753553551,0.0381192881154515,-0.302086558259836,-0.152658948847266,2.4498014727925e-09,"sig"
"Hyperornithinemia-Hyperammonemia-Homocitrullinuria [HHH-syndrome]","Hyperornithinemia-Hyperammonemia-Homocitrullinuria [HHH-syndrome]",-0.28366943220004,0.0248285339605659,-0.332333358762749,-0.235005505637331,0,"sig"
"Hyperornithinemia with Gyrate Atrophy ","Hyperornithinemia with Gyrate Atrophy ",-0.28366943220004,0.0248285339605659,-0.332333358762749,-0.235005505637331,0,"sig"
"Hyperprolinemia Type I","Hyperprolinemia Type I",-0.28366943220004,0.0248285339605659,-0.332333358762749,-0.235005505637331,0,"sig"
"Hyperprolinemia Type II","Hyperprolinemia Type II",-0.28366943220004,0.0248285339605659,-0.332333358762749,-0.235005505637331,0,"sig"
"Hypoacetylaspartia","Hypoacetylaspartia",-0.032833459408962,0.0465635844369115,-0.124098084905309,0.0584311660873846,0.480728281246705,"not sig"
"Ibuprofen Action Pathway","Ibuprofen Action Pathway",0.170142462142036,0.0458439952029563,0.0802882315442413,0.25999669273983,0.000206168359358827,"sig"
"Imipramine Action Pathway","Imipramine Action Pathway",-0.383353805537467,0.0603997215459074,-0.501737259767446,-0.264970351307489,2.19630313935681e-10,"sig"
"Indomethacin Action Pathway","Indomethacin Action Pathway",0.187692611533825,0.0484978836792791,0.0926367595224375,0.282748463545212,0.000108781960906135,"sig"
"Isobutyryl-CoA Dehydrogenase Deficiency","Isobutyryl-CoA Dehydrogenase Deficiency",-0.327080377840278,0.0515195381959834,-0.428058672704405,-0.22610208297615,2.17188933504531e-10,"sig"
"Isovaleric Acidemia","Isovaleric Acidemia",-0.327080377840278,0.0515195381959834,-0.428058672704405,-0.22610208297615,2.17188933504531e-10,"sig"
"Isovaleric Aciduria","Isovaleric Aciduria",-0.327080377840278,0.0515195381959834,-0.428058672704405,-0.22610208297615,2.17188933504531e-10,"sig"
"Josamycin Action Pathway","Josamycin Action Pathway",0.0965497980034626,0.0684396436534685,-0.0375919035573355,0.230691499564261,0.15832450230693,"not sig"
"Kanamycin Action Pathway","Kanamycin Action Pathway",0.0965497980034626,0.0684396436534685,-0.0375919035573355,0.230691499564261,0.15832450230693,"not sig"
"Ketoprofen Action Pathway","Ketoprofen Action Pathway",0.187692611533825,0.0484978836792791,0.0926367595224375,0.282748463545212,0.000108781960906135,"sig"
"Ketorolac Action Pathway","Ketorolac Action Pathway",0.187692611533825,0.0484978836792791,0.0926367595224375,0.282748463545212,0.000108781960906135,"sig"
"L-Arginine:Glycine Amidinotransferase Deficiency","L-Arginine:Glycine Amidinotransferase Deficiency",-0.28366943220004,0.0248285339605659,-0.332333358762749,-0.235005505637331,0,"sig"
"Lactic Acidemia","Lactic Acidemia",-0.203941780716399,0.0393734035488713,-0.281113651672187,-0.126769909760611,2.22262316995625e-07,"sig"
"Lactose Synthesis","Lactose Synthesis",0.385778202097858,0.0539418018446363,0.280052270482371,0.491504133713346,8.56759108103233e-13,"sig"
"Leigh Syndrome","Leigh Syndrome",-0.358309747915209,0.0395939151337424,-0.435913821577344,-0.280705674253074,0,"sig"
"Lesch-Nyhan Syndrome ","Lesch-Nyhan Syndrome ",0.0453347879570002,0.0381959229429392,-0.0295292210111605,0.120198796925161,0.235266581750758,"not sig"
"Leukotriene C4 Synthesis Deficiency","Leukotriene C4 Synthesis Deficiency",0.187692611533825,0.0484978836792791,0.0926367595224375,0.282748463545212,0.000108781960906135,"sig"
"Lincomycin Action Pathway","Lincomycin Action Pathway",0.0965497980034626,0.0684396436534685,-0.0375919035573355,0.230691499564261,0.15832450230693,"not sig"
"Lornoxicam Action Pathway","Lornoxicam Action Pathway",0.187692611533825,0.0484978836792791,0.0926367595224375,0.282748463545212,0.000108781960906135,"sig"
"Lumiracoxib Action Pathway","Lumiracoxib Action Pathway",0.187692611533825,0.0484978836792791,0.0926367595224375,0.282748463545212,0.000108781960906135,"sig"
"Lymecycline Action Pathway","Lymecycline Action Pathway",0.0965497980034626,0.0684396436534685,-0.0375919035573355,0.230691499564261,0.15832450230693,"not sig"
"Lysine Degradation","Lysine Degradation",-0.943842983665157,0.044862665182264,-1.03177380742239,-0.85591215990792,0,"sig"
"Magnesium Salicylate Action Pathway","Magnesium Salicylate Action Pathway",0.187692611533825,0.0484978836792791,0.0926367595224375,0.282748463545212,0.000108781960906135,"sig"
"Malate-Aspartate Shuttle","Malate-Aspartate Shuttle",-0.317337340443204,0.0552323782360795,-0.42559280178592,-0.209081879100488,9.16525888516873e-09,"sig"
"Malonic Aciduria","Malonic Aciduria",-0.463564656791382,0.0459410403880653,-0.553609095951989,-0.373520217630774,0,"sig"
"Malonyl-CoA Decarboxylase Deficiency","Malonyl-CoA Decarboxylase Deficiency",-0.463564656791382,0.0459410403880653,-0.553609095951989,-0.373520217630774,0,"sig"
"Maple Syrup Urine Disease","Maple Syrup Urine Disease",-0.327080377840278,0.0515195381959834,-0.428058672704405,-0.22610208297615,2.17188933504531e-10,"sig"
"Mefenamic Acid Action Pathway","Mefenamic Acid Action Pathway",0.187692611533825,0.0484978836792791,0.0926367595224375,0.282748463545212,0.000108781960906135,"sig"
"Meloxicam Action Pathway","Meloxicam Action Pathway",0.187692611533825,0.0484978836792791,0.0926367595224375,0.282748463545212,0.000108781960906135,"sig"
"Mercaptopurine Action Pathway","Mercaptopurine Action Pathway",-0.105006683316396,0.0339945043225313,-0.171635911788557,-0.0383774548442343,0.00200877985993242,"sig"
"Mercaptopurine Metabolism Pathway","Mercaptopurine Metabolism Pathway",-0.774335252687787,0.0410472682007461,-0.85478789836125,-0.693882607014325,0,"sig"
"Methacycline Action Pathway","Methacycline Action Pathway",0.0965497980034626,0.0684396436534685,-0.0375919035573355,0.230691499564261,0.15832450230693,"not sig"
"Methadone Action Pathway","Methadone Action Pathway",-0.383353805537467,0.0603997215459074,-0.501737259767446,-0.264970351307489,2.19630313935681e-10,"sig"
"Methionine Adenosyltransferase Deficiency","Methionine Adenosyltransferase Deficiency",-0.227372753553551,0.0381192881154515,-0.302086558259836,-0.152658948847266,2.4498014727925e-09,"sig"
"Methionine Metabolism","Methionine Metabolism",-0.227372753553551,0.0381192881154515,-0.302086558259836,-0.152658948847266,2.4498014727925e-09,"sig"
"Methotrexate Action Pathway","Methotrexate Action Pathway",-0.28114627907589,0.0620037806576963,-0.402673689164975,-0.159618868986806,5.77836363024886e-06,"sig"
"Methylenetetrahydrofolate Reductase Deficiency ","Methylenetetrahydrofolate Reductase Deficiency ",-0.149075315838494,0.0366599261621274,-0.220928771116264,-0.0772218605607246,4.77371832751095e-05,"sig"
"Methylmalonate Semialdehyde Dehydrogenase Deficiency","Methylmalonate Semialdehyde Dehydrogenase Deficiency",-0.327080377840278,0.0515195381959834,-0.428058672704405,-0.22610208297615,2.17188933504531e-10,"sig"
"Methylmalonic Aciduria","Methylmalonic Aciduria",-0.327080377840278,0.0515195381959834,-0.428058672704405,-0.22610208297615,2.17188933504531e-10,"sig"
"Methylmalonic Aciduria Due to Cobalamin-Related Disorders","Methylmalonic Aciduria Due to Cobalamin-Related Disorders",-0.463564656791382,0.0459410403880653,-0.553609095951989,-0.373520217630774,0,"sig"
"Minocycline Action Pathway","Minocycline Action Pathway",0.0965497980034626,0.0684396436534685,-0.0375919035573355,0.230691499564261,0.15832450230693,"not sig"
"Mitochondrial Complex II Deficiency","Mitochondrial Complex II Deficiency",-0.286462754114047,0.0425295182232626,-0.369820609831642,-0.203104898396453,1.63230540195514e-11,"sig"
"Mitochondrial DNA Depletion Syndrome","Mitochondrial DNA Depletion Syndrome",0.0453347879570002,0.0381959229429392,-0.0295292210111605,0.120198796925161,0.235266581750758,"not sig"
"Mitochondrial Electron Transport Chain","Mitochondrial Electron Transport Chain",-0.0299068121134816,0.0529098978951728,-0.13361021198802,0.0737965877610571,0.571910257618065,"not sig"
"MNGIE ","MNGIE ",-0.0735697466227596,0.0388520382308396,-0.149719741555205,0.00258024830968598,0.0582797406201572,"not sig"
"Molybdenum Cofactor Deficiency","Molybdenum Cofactor Deficiency",0.0453347879570002,0.0381959229429392,-0.0295292210111605,0.120198796925161,0.235266581750758,"not sig"
"Monoamine Oxidase-A Deficiency ","Monoamine Oxidase-A Deficiency ",-0.31576952447814,0.0329381321063325,-0.380328263406551,-0.251210785549728,0,"sig"
"Morphine Action Pathway","Morphine Action Pathway",-0.0334643936654268,0.0676457497040119,-0.16605006308529,0.0991212757544365,0.620811470645004,"not sig"
"Mucopolysaccharidosis VII. Sly Syndrome","Mucopolysaccharidosis VII. Sly Syndrome",0.00913380887034496,0.0509073947783774,-0.0906446848952748,0.108912302635965,0.857607865240385,"not sig"
"Myoadenylate Deaminase Deficiency","Myoadenylate Deaminase Deficiency",0.0453347879570002,0.0381959229429392,-0.0295292210111605,0.120198796925161,0.235266581750758,"not sig"
"Nabumetone Action Pathway","Nabumetone Action Pathway",0.187692611533825,0.0484978836792791,0.0926367595224375,0.282748463545212,0.000108781960906135,"sig"
"Naproxen Action Pathway","Naproxen Action Pathway",0.187692611533825,0.0484978836792791,0.0926367595224375,0.282748463545212,0.000108781960906135,"sig"
"Neomycin Action Pathway","Neomycin Action Pathway",0.0965497980034626,0.0684396436534685,-0.0375919035573355,0.230691499564261,0.15832450230693,"not sig"
"Nepafenac Action Pathway","Nepafenac Action Pathway",0.187692611533825,0.0484978836792791,0.0926367595224375,0.282748463545212,0.000108781960906135,"sig"
"Netilmicin Action Pathway","Netilmicin Action Pathway",0.0965497980034626,0.0684396436534685,-0.0375919035573355,0.230691499564261,0.15832450230693,"not sig"
"Nicotinate and Nicotinamide Metabolism","Nicotinate and Nicotinamide Metabolism",-0.777002301335398,0.0355869938961106,-0.846752809371774,-0.707251793299021,0,"sig"
"Nicotine Action Pathway","Nicotine Action Pathway",-0.307673645406127,0.059204592038966,-0.423714645802501,-0.191632645009754,2.02762624246233e-07,"sig"
"Non-Ketotic Hyperglycinemia","Non-Ketotic Hyperglycinemia",-0.44567210030538,0.0248906005633225,-0.494457677409492,-0.396886523201268,0,"sig"
"Nucleotide Sugars Metabolism","Nucleotide Sugars Metabolism",-0.141315007221099,0.0588535607000856,-0.256667986193267,-0.0259620282489311,0.0163445614112028,"sig"
"Ornithine Aminotransferase Deficiency ","Ornithine Aminotransferase Deficiency ",-0.28366943220004,0.0248285339605659,-0.332333358762749,-0.235005505637331,0,"sig"
"Ornithine Transcarbamylase Deficiency ","Ornithine Transcarbamylase Deficiency ",-0.414900802816805,0.0327113842279611,-0.479015115903609,-0.350786489730002,0,"sig"
"Oxaprozin Action Pathway","Oxaprozin Action Pathway",0.187692611533825,0.0484978836792791,0.0926367595224375,0.282748463545212,0.000108781960906135,"sig"
"Oxytetracycline Action Pathway","Oxytetracycline Action Pathway",0.0965497980034626,0.0684396436534685,-0.0375919035573355,0.230691499564261,0.15832450230693,"not sig"
"Pantothenate and CoA Biosynthesis","Pantothenate and CoA Biosynthesis",-0.154375683411812,0.0586212670775452,-0.2692733668838,-0.0394779999398231,0.00845243700355247,"sig"
"Paromomycin Action Pathway","Paromomycin Action Pathway",0.0965497980034626,0.0684396436534685,-0.0375919035573355,0.230691499564261,0.15832450230693,"not sig"
"Pentose Phosphate Pathway","Pentose Phosphate Pathway",-0.150543476875955,0.0589546350475872,-0.266094561569225,-0.0349923921826836,0.0106631650365983,"sig"
"Phenylalanine and Tyrosine Metabolism","Phenylalanine and Tyrosine Metabolism",-0.448545110296892,0.0525892752127631,-0.551620089713907,-0.345470130879876,0,"sig"
"Phenylbutazone Action Pathway","Phenylbutazone Action Pathway",0.187692611533825,0.0484978836792791,0.0926367595224375,0.282748463545212,0.000108781960906135,"sig"
"Phenylketonuria","Phenylketonuria",-0.448545110296892,0.0525892752127631,-0.551620089713907,-0.345470130879876,0,"sig"
"Phenytoin ","Phenytoin ",-0.642178340817469,0.0435327209105821,-0.72750247380221,-0.556854207832728,0,"sig"
"Phosphatidylcholine Biosynthesis","Phosphatidylcholine Biosynthesis",-0.418229149987554,0.0391142405656397,-0.494893061496207,-0.3415652384789,0,"sig"
"Phosphatidylcholine Biosynthesis PC","Phosphatidylcholine Biosynthesis PC",-0.418229149987554,0.0391142405656397,-0.494893061496207,-0.3415652384789,0,"sig"
"Phosphoenolpyruvate Carboxykinase Deficiency 1 ","Phosphoenolpyruvate Carboxykinase Deficiency 1 ",-0.232268468554357,0.042212800633983,-0.315005557796964,-0.14953137931175,3.74819213444511e-08,"sig"
"Phospholipid Biosynthesis","Phospholipid Biosynthesis",-0.0600856276311971,0.0409640322295631,-0.140375130801141,0.0202038755387467,0.142433225412667,"not sig"
"Phytanic Acid Peroxisomal Oxidation","Phytanic Acid Peroxisomal Oxidation",-0.527038418648256,0.0553267771115955,-0.635478901786983,-0.418597935509528,0,"sig"
"Piroxicam Action Pathway","Piroxicam Action Pathway",0.187692611533825,0.0484978836792791,0.0926367595224375,0.282748463545212,0.000108781960906135,"sig"
"Porphyria Variegata ","Porphyria Variegata ",-0.662278550684882,0.0397061381334071,-0.74010258142636,-0.584454519943404,0,"sig"
"Porphyrin Metabolism","Porphyrin Metabolism",-0.662278550684882,0.0397061381334071,-0.74010258142636,-0.584454519943404,0,"sig"
"Primary Hyperoxaluria II, PH2","Primary Hyperoxaluria II, PH2",-0.358309747915209,0.0395939151337424,-0.435913821577344,-0.280705674253074,0,"sig"
"Primary Hyperoxaluria Type I","Primary Hyperoxaluria Type I",-0.203941780716399,0.0393734035488713,-0.281113651672187,-0.126769909760611,2.22262316995625e-07,"sig"
"Prolidase Deficiency ","Prolidase Deficiency ",-0.28366943220004,0.0248285339605659,-0.332333358762749,-0.235005505637331,0,"sig"
"Prolinemia Type II","Prolinemia Type II",-0.28366943220004,0.0248285339605659,-0.332333358762749,-0.235005505637331,0,"sig"
"Propanoate Metabolism","Propanoate Metabolism",-0.463564656791382,0.0459410403880653,-0.553609095951989,-0.373520217630774,0,"sig"
"Propionic Acidemia","Propionic Acidemia",-0.327080377840278,0.0515195381959834,-0.428058672704405,-0.22610208297615,2.17188933504531e-10,"sig"
"Purine Metabolism","Purine Metabolism",0.0453347879570002,0.0381959229429392,-0.0295292210111605,0.120198796925161,0.235266581750758,"not sig"
"Purine Nucleoside Phosphorylase Deficiency","Purine Nucleoside Phosphorylase Deficiency",0.0453347879570002,0.0381959229429392,-0.0295292210111605,0.120198796925161,0.235266581750758,"not sig"
"Pyridoxine Dependency with Seizures","Pyridoxine Dependency with Seizures",-0.943842983665157,0.044862665182264,-1.03177380742239,-0.85591215990792,0,"sig"
"Pyrimidine Metabolism","Pyrimidine Metabolism",-0.0735697466227596,0.0388520382308396,-0.149719741555205,0.00258024830968598,0.0582797406201572,"not sig"
"Pyruvate Carboxylase Deficiency","Pyruvate Carboxylase Deficiency",-0.203941780716399,0.0393734035488713,-0.281113651672187,-0.126769909760611,2.22262316995625e-07,"sig"
"Pyruvate Decarboxylase E1 Component Deficiency ","Pyruvate Decarboxylase E1 Component Deficiency ",-0.358309747915209,0.0395939151337424,-0.435913821577344,-0.280705674253074,0,"sig"
"Pyruvate Dehydrogenase Complex Deficiency","Pyruvate Dehydrogenase Complex Deficiency",-0.358309747915209,0.0395939151337424,-0.435913821577344,-0.280705674253074,0,"sig"
"Pyruvate Dehydrogenase Deficiency ","Pyruvate Dehydrogenase Deficiency ",-0.286462754114047,0.0425295182232626,-0.369820609831642,-0.203104898396453,1.63230540195514e-11,"sig"
"Pyruvate Kinase Deficiency","Pyruvate Kinase Deficiency",-0.358309747915209,0.0395939151337424,-0.435913821577344,-0.280705674253074,0,"sig"
"Pyruvate Metabolism","Pyruvate Metabolism",-0.358309747915209,0.0395939151337424,-0.435913821577344,-0.280705674253074,0,"sig"
"Refsum Disease","Refsum Disease",-0.527038418648256,0.0553267771115955,-0.635478901786983,-0.418597935509528,0,"sig"
"Ribose-5-phosphate Isomerase Deficiency","Ribose-5-phosphate Isomerase Deficiency",-0.150543476875955,0.0589546350475872,-0.266094561569225,-0.0349923921826836,0.0106631650365983,"sig"
"Rofecoxib Action Pathway","Rofecoxib Action Pathway",0.187692611533825,0.0484978836792791,0.0926367595224375,0.282748463545212,0.000108781960906135,"sig"
"Rolitetracycline Action Pathway","Rolitetracycline Action Pathway",0.0965497980034626,0.0684396436534685,-0.0375919035573355,0.230691499564261,0.15832450230693,"not sig"
"Roxithromycin Action Pathway","Roxithromycin Action Pathway",0.0965497980034626,0.0684396436534685,-0.0375919035573355,0.230691499564261,0.15832450230693,"not sig"
"S-Adenosylhomocysteine ","S-Adenosylhomocysteine ",-0.227372753553551,0.0381192881154515,-0.302086558259836,-0.152658948847266,2.4498014727925e-09,"sig"
"Saccharopinuria/Hyperlysinemia II","Saccharopinuria/Hyperlysinemia II",-0.943842983665157,0.044862665182264,-1.03177380742239,-0.85591215990792,0,"sig"
"Salicylate-Sodium Action Pathway","Salicylate-Sodium Action Pathway",0.187692611533825,0.0484978836792791,0.0926367595224375,0.282748463545212,0.000108781960906135,"sig"
"Salicylic Acid Action Pathway","Salicylic Acid Action Pathway",0.187692611533825,0.0484978836792791,0.0926367595224375,0.282748463545212,0.000108781960906135,"sig"
"Salla Disease/Infantile Sialic Acid Storage Disease","Salla Disease/Infantile Sialic Acid Storage Disease",-0.0224476516124182,0.0511470166458417,-0.122695804238268,0.0778005010134315,0.660744962240267,"not sig"
"Salsalate Action Pathway","Salsalate Action Pathway",0.187692611533825,0.0484978836792791,0.0926367595224375,0.282748463545212,0.000108781960906135,"sig"
"Sarcosine Oncometabolite Pathway","Sarcosine Oncometabolite Pathway",-0.310230665658129,0.0401494063258451,-0.388923502056786,-0.231537829259473,1.0991207943789e-14,"sig"
"Sarcosinemia","Sarcosinemia",-0.44567210030538,0.0248906005633225,-0.494457677409492,-0.396886523201268,0,"sig"
"Selenoamino Acid Metabolism","Selenoamino Acid Metabolism",-0.457819804134977,0.0596658836731125,-0.574764936134277,-0.340874672135676,1.67643676718399e-14,"sig"
"Sialuria or French Type Sialuria","Sialuria or French Type Sialuria",-0.0224476516124182,0.0511470166458417,-0.122695804238268,0.0778005010134315,0.660744962240267,"not sig"
"Spectinomycin Action Pathway","Spectinomycin Action Pathway",0.0965497980034626,0.0684396436534685,-0.0375919035573355,0.230691499564261,0.15832450230693,"not sig"
"Spermidine and Spermine Biosynthesis","Spermidine and Spermine Biosynthesis",-0.277520057750376,0.064345091674552,-0.403636437432498,-0.151403678068254,1.61057772422035e-05,"sig"
"Starch and Sucrose Metabolism","Starch and Sucrose Metabolism",0.00913380887034496,0.0509073947783774,-0.0906446848952748,0.108912302635965,0.857607865240385,"not sig"
"Streptomycin Action Pathway","Streptomycin Action Pathway",0.0965497980034626,0.0684396436534685,-0.0375919035573355,0.230691499564261,0.15832450230693,"not sig"
"Succinate Signalling","Succinate Signalling",-0.535426965722936,0.045952122953089,-0.625493126710991,-0.445360804734882,0,"sig"
"Succinic Semialdehyde Dehydrogenase Deficiency","Succinic Semialdehyde Dehydrogenase Deficiency",-0.311349890733762,0.031026678336551,-0.372162180273401,-0.250537601194122,0,"sig"
"Sucrase-Isomaltase Deficiency","Sucrase-Isomaltase Deficiency",0.00913380887034496,0.0509073947783774,-0.0906446848952748,0.108912302635965,0.857607865240385,"not sig"
"Sulindac Action Pathway","Sulindac Action Pathway",0.187692611533825,0.0484978836792791,0.0926367595224375,0.282748463545212,0.000108781960906135,"sig"
"Suprofen Action Pathway","Suprofen Action Pathway",0.187692611533825,0.0484978836792791,0.0926367595224375,0.282748463545212,0.000108781960906135,"sig"
"Tay-Sachs Disease","Tay-Sachs Disease",-0.0224476516124182,0.0511470166458417,-0.122695804238268,0.0778005010134315,0.660744962240267,"not sig"
"Telithromycin Action Pathway","Telithromycin Action Pathway",0.0965497980034626,0.0684396436534685,-0.0375919035573355,0.230691499564261,0.15832450230693,"not sig"
"Tenoxicam Action Pathway","Tenoxicam Action Pathway",0.187692611533825,0.0484978836792791,0.0926367595224375,0.282748463545212,0.000108781960906135,"sig"
"Tetracycline Action Pathway","Tetracycline Action Pathway",0.0965497980034626,0.0684396436534685,-0.0375919035573355,0.230691499564261,0.15832450230693,"not sig"
"The Oncogenic Action of 2-Hydroxyglutarate","The Oncogenic Action of 2-Hydroxyglutarate",-0.338667742886664,0.0403436625465158,-0.417741321477835,-0.259594164295493,0,"sig"
"The Oncogenic Action of D-2-Hydroxyglutarate in Hydroxygluaricaciduria","The Oncogenic Action of D-2-Hydroxyglutarate in Hydroxygluaricaciduria",-0.338667742886664,0.0403436625465158,-0.417741321477835,-0.259594164295493,0,"sig"
"The Oncogenic Action of Fumarate","The Oncogenic Action of Fumarate",-0.285702972835945,0.0350912270270061,-0.354481777808877,-0.216924167863013,4.44089209850063e-16,"sig"
"The Oncogenic Action of L-2-Hydroxyglutarate in Hydroxygluaricaciduria","The Oncogenic Action of L-2-Hydroxyglutarate in Hydroxygluaricaciduria",-0.338667742886664,0.0403436625465158,-0.417741321477835,-0.259594164295493,0,"sig"
"The Oncogenic Action of Succinate","The Oncogenic Action of Succinate",-0.285702972835945,0.0350912270270061,-0.354481777808877,-0.216924167863013,4.44089209850063e-16,"sig"
"Thioguanine Action Pathway","Thioguanine Action Pathway",-0.105006683316396,0.0339945043225313,-0.171635911788557,-0.0383774548442343,0.00200877985993242,"sig"
"Tiaprofenic Acid Action Pathway","Tiaprofenic Acid Action Pathway",0.187692611533825,0.0484978836792791,0.0926367595224375,0.282748463545212,0.000108781960906135,"sig"
"Tigecycline Action Pathway","Tigecycline Action Pathway",0.0965497980034626,0.0684396436534685,-0.0375919035573355,0.230691499564261,0.15832450230693,"not sig"
"Tobramycin Action Pathway","Tobramycin Action Pathway",0.0965497980034626,0.0684396436534685,-0.0375919035573355,0.230691499564261,0.15832450230693,"not sig"
"Tolmetin Action Pathway","Tolmetin Action Pathway",0.187692611533825,0.0484978836792791,0.0926367595224375,0.282748463545212,0.000108781960906135,"sig"
"Transaldolase Deficiency","Transaldolase Deficiency",-0.150543476875955,0.0589546350475872,-0.266094561569225,-0.0349923921826836,0.0106631650365983,"sig"
"Transfer of Acetyl Groups into Mitochondria","Transfer of Acetyl Groups into Mitochondria",-0.359030060173469,0.0465419079112258,-0.450252199679472,-0.267807920667467,1.22124532708767e-14,"sig"
"Triosephosphate Isomerase Deficiency","Triosephosphate Isomerase Deficiency",-0.232268468554357,0.042212800633983,-0.315005557796964,-0.14953137931175,3.74819213444511e-08,"sig"
"Trisalicylate-Choline Action Pathway","Trisalicylate-Choline Action Pathway",0.187692611533825,0.0484978836792791,0.0926367595224375,0.282748463545212,0.000108781960906135,"sig"
"Troleandomycin Action Pathway","Troleandomycin Action Pathway",0.0965497980034626,0.0684396436534685,-0.0375919035573355,0.230691499564261,0.15832450230693,"not sig"
"Tryptophan Metabolism","Tryptophan Metabolism",-0.341423093716806,0.0380301744352599,-0.415962235609915,-0.266883951823696,0,"sig"
"Tyrosine Hydroxylase Deficiency","Tyrosine Hydroxylase Deficiency",-0.38685441489771,0.0446362272490117,-0.474341420305773,-0.299367409489647,0,"sig"
"Tyrosine Metabolism","Tyrosine Metabolism",-0.31576952447814,0.0329381321063325,-0.380328263406551,-0.251210785549728,0,"sig"
"Tyrosinemia Type 2 ","Tyrosinemia Type 2 ",-0.448545110296892,0.0525892752127631,-0.551620089713907,-0.345470130879876,0,"sig"
"Tyrosinemia Type 3 ","Tyrosinemia Type 3 ",-0.448545110296892,0.0525892752127631,-0.551620089713907,-0.345470130879876,0,"sig"
"Tyrosinemia Type I","Tyrosinemia Type I",-0.31576952447814,0.0329381321063325,-0.380328263406551,-0.251210785549728,0,"sig"
"Tyrosinemia, Transient, of the Newborn","Tyrosinemia, Transient, of the Newborn",-0.31576952447814,0.0329381321063325,-0.380328263406551,-0.251210785549728,0,"sig"
"UMP Synthase Deficiency ","UMP Synthase Deficiency ",-0.0735697466227596,0.0388520382308396,-0.149719741555205,0.00258024830968598,0.0582797406201572,"not sig"
"Urea Cycle","Urea Cycle",-0.414900802816805,0.0327113842279611,-0.479015115903609,-0.350786489730002,0,"sig"
"Valdecoxib Action Pathway","Valdecoxib Action Pathway",0.187692611533825,0.0484978836792791,0.0926367595224375,0.282748463545212,0.000108781960906135,"sig"
"Valine, Leucine, and Isoleucine Degradation","Valine, Leucine, and Isoleucine Degradation",-0.327080377840278,0.0515195381959834,-0.428058672704405,-0.22610208297615,2.17188933504531e-10,"sig"
"Valproic Acid Metabolism Pathway","Valproic Acid Metabolism Pathway",-0.463214463396285,0.0621150966255511,-0.584960052782365,-0.341468874010205,8.82627304576999e-14,"sig"
"Warburg Effect","Warburg Effect",-0.233270564505704,0.0406989613047317,-0.313040528662978,-0.15350060034843,9.948193158138e-09,"sig"
"Xanthine Dehydrogenase Deficiency ","Xanthine Dehydrogenase Deficiency ",0.0453347879570002,0.0381959229429392,-0.0295292210111605,0.120198796925161,0.235266581750758,"not sig"
"Xanthinuria Type I","Xanthinuria Type I",0.0453347879570002,0.0381959229429392,-0.0295292210111605,0.120198796925161,0.235266581750758,"not sig"
"Xanthinuria Type II","Xanthinuria Type II",0.0453347879570002,0.0381959229429392,-0.0295292210111605,0.120198796925161,0.235266581750758,"not sig"
"Zellweger Syndrome","Zellweger Syndrome",-0.0589426627836628,0.0446919910692715,-0.146538965279435,0.0286536397121093,0.187214548405646,"not sig"
"ID","ID",-162.03498171715,5.13581572147805,-172.101180531247,-151.968782903053,0,"sig"
